src,dst,delay
0,1,20
0,1,20
0,1,20
0,1,20
0,1,20
0,1,20
0,1,20
0,1,20
0,1,20
0,1,20
0,1,100
0,1,20
0,1,20
0,1,20
0,1,20
0,1,20
0,1,20
0,1,20
0,1,20
0,1,100
0,1,20
0,1,20
0,1,20
0,1,20
0,1,20
0,1,20
0,1,20
0,1,20
0,1,20
0,1,20
0,1,20
0,1,20
0,1,20
0,1,20
0,1,20
0,1,20
0,1,20
0,1,20
0,1,20
0,1,20
0,1,20
0,1,20
0,1,20
0,1,20
0,1,20
0,1,100
0,1,20
0,1,20
0,1,20
0,1,20
0,1,20
0,1,20
0,1,20
0,1,20
0,1,20
0,1,20
0,1,20
0,1,20
0,1,20
0,1,20
0,1,20
0,1,20
0,1,20
0,2,100
0,2,20
0,2,20
0,2,20
0,2,20
0,2,60
0,2,20
0,2,20
0,2,20
0,2,20
0,2,20
0,2,20
0,2,20
0,2,20
0,2,20
0,2,20
0,2,20
0,2,20
0,2,20
0,2,20
0,2,20
0,2,20
0,2,20
0,2,20
0,2,20
0,2,20
0,2,20
0,2,20
0,2,20
0,2,20
0,2,20
0,2,20
0,2,20
0,2,20
0,2,60
0,2,20
0,2,100
0,2,20
0,2,20
0,2,20
0,2,20
0,2,20
0,2,20
0,2,20
0,2,20
0,2,20
0,2,20
0,2,20
0,2,20
0,2,20
0,2,20
0,2,20
0,2,20
0,2,20
0,2,20
0,2,20
0,2,20
0,2,20
0,2,20
0,2,20
0,2,20
0,2,20
0,2,20
0,2,20
0,3,60
0,3,20
0,3,20
0,3,60
0,3,20
0,3,20
0,3,100
0,3,20
0,3,20
0,3,60
0,3,20
0,3,20
0,3,20
0,3,60
0,3,20
0,3,100
0,3,20
0,3,20
0,3,20
0,3,20
0,3,60
0,3,20
0,3,20
0,3,20
0,3,60
0,3,20
0,3,60
0,3,60
0,3,20
0,3,60
0,3,20
0,3,20
0,3,20
0,3,100
0,3,60
0,3,60
0,3,60
0,3,20
0,3,20
0,3,100
0,3,20
0,3,20
0,3,20
0,3,20
0,3,20
0,3,20
0,3,20
0,3,20
0,3,100
0,3,20
0,3,60
0,3,20
0,3,20
0,3,20
0,3,20
0,3,20
0,3,20
0,3,20
0,3,20
0,3,20
0,3,100
0,4,60
0,4,60
0,4,60
0,4,60
0,4,100
0,4,60
0,4,60
0,4,60
0,4,60
0,4,60
0,4,100
0,4,60
0,4,100
0,4,60
0,4,60
0,4,60
0,4,100
0,4,60
0,4,20
0,4,100
0,4,60
0,4,20
0,4,20
0,4,60
0,4,60
0,4,60
0,4,60
0,4,60
0,4,100
0,4,60
0,4,60
0,4,60
0,4,100
0,4,60
0,4,100
0,4,20
0,4,20
0,4,60
0,4,60
0,4,60
0,4,60
0,4,60
0,4,60
0,4,60
0,4,60
0,4,20
0,4,60
0,4,60
0,4,100
0,4,60
0,4,60
0,4,20
0,4,60
0,4,60
0,4,20
0,4,20
0,4,60
0,4,60
0,4,60
0,4,100
0,4,60
0,4,100
0,5,60
0,5,20
0,5,20
0,5,20
0,5,100
0,5,60
0,5,20
0,5,60
0,5,20
0,5,20
0,5,20
0,5,60
0,5,20
0,5,60
0,5,60
0,5,20
0,5,60
0,5,60
0,5,60
0,5,20
0,5,60
0,5,20
0,5,20
0,5,20
0,5,20
0,5,20
0,5,20
0,5,60
0,5,20
0,5,60
0,5,60
0,5,60
0,5,20
0,5,20
0,5,20
0,5,20
0,5,60
0,5,20
0,5,20
0,5,60
0,5,20
0,5,20
0,5,60
0,5,20
0,5,60
0,5,20
0,5,60
0,5,60
0,5,20
0,5,60
0,5,60
0,5,60
0,5,60
0,5,20
0,5,60
0,5,60
0,5,60
0,5,60
0,5,60
0,5,20
0,5,60
0,5,60
0,5,20
0,5,20
0,5,20
0,5,60
0,5,20
0,5,20
0,5,100
0,5,60
0,5,20
0,5,20
0,5,20
0,6,100
0,6,60
0,6,60
0,6,20
0,6,60
0,6,60
0,6,60
0,6,60
0,6,60
0,6,60
0,6,60
0,6,60
0,6,100
0,6,60
0,6,60
0,6,60
0,6,100
0,6,100
0,6,60
0,6,60
0,6,100
0,6,60
0,6,60
0,6,60
0,6,60
0,6,20
0,6,140
0,6,60
0,6,20
0,6,60
0,6,60
0,6,60
0,6,60
0,6,60
0,6,60
0,6,60
0,6,60
0,6,20
0,6,60
0,6,60
0,6,60
0,6,100
0,6,60
0,6,100
0,6,60
0,6,60
0,6,60
0,6,100
0,6,60
0,6,60
0,6,60
0,6,60
0,7,100
0,7,100
0,7,100
0,7,100
0,7,60
0,7,100
0,7,180
0,7,100
0,7,180
0,7,60
0,7,100
0,7,180
0,7,140
0,7,180
0,7,260
0,7,100
0,7,60
0,7,100
0,7,60
0,7,60
0,7,100
0,7,100
0,7,60
0,7,100
0,7,140
0,7,60
0,7,100
0,7,100
0,7,60
0,7,100
0,7,100
0,7,100
0,7,60
0,7,60
0,7,100
0,7,100
0,7,60
0,7,100
0,7,100
0,7,220
0,7,220
0,7,60
0,7,60
0,7,100
0,7,100
0,7,60
0,7,60
0,7,100
0,8,180
0,8,100
0,8,140
0,8,220
0,8,140
0,8,100
0,8,100
0,8,140
0,8,220
0,8,100
0,8,100
0,8,140
0,8,140
0,8,180
0,8,140
0,8,100
0,8,100
0,8,100
0,8,140
0,8,180
0,8,100
0,8,60
0,8,140
0,8,100
0,8,100
0,8,140
0,8,140
0,8,140
0,8,180
0,8,100
0,8,140
0,8,140
0,8,100
0,8,140
0,8,100
0,8,140
0,8,100
0,8,100
0,8,100
0,8,140
0,8,100
0,8,100
0,8,100
0,8,140
0,8,100
0,8,100
0,9,100
0,9,140
0,9,180
0,9,140
0,9,140
0,9,140
0,9,140
0,9,140
0,9,180
0,9,100
0,9,140
0,9,180
0,9,100
0,9,140
0,9,180
0,9,180
0,9,100
0,9,220
0,9,180
0,9,140
0,9,140
0,9,180
0,9,140
0,9,140
0,9,220
0,9,140
0,9,140
0,9,100
0,9,100
0,9,140
0,9,140
0,9,140
0,9,100
0,9,140
0,9,180
0,9,180
0,9,100
0,9,180
0,9,140
0,9,180
0,9,100
0,9,140
0,9,180
0,9,180
0,9,140
0,9,180
0,9,140
0,9,180
0,9,140
0,9,100
0,9,140
0,9,100
0,9,180
0,9,100
0,10,220
0,10,100
0,10,180
0,10,180
0,10,140
0,10,100
0,10,220
0,10,140
0,10,140
0,10,100
0,10,100
0,10,180
0,10,100
0,10,60
0,10,180
0,10,100
0,10,100
0,10,100
0,10,100
0,10,100
0,10,100
0,10,100
0,10,60
0,10,100
0,10,140
0,10,140
0,10,100
0,10,100
0,10,100
0,10,100
0,10,100
0,10,180
0,10,140
0,10,100
0,10,100
0,10,100
0,10,60
0,10,60
0,10,60
0,10,140
0,10,140
0,10,140
0,10,100
0,10,140
0,10,100
0,10,100
0,10,100
0,11,100
0,11,100
0,11,140
0,11,100
0,11,100
0,11,100
0,11,100
0,11,100
0,11,60
0,11,100
0,11,100
0,11,100
0,11,100
0,11,60
0,11,60
0,11,100
0,11,20
0,11,60
0,11,100
0,11,100
0,11,100
0,11,60
0,11,60
0,11,100
0,11,100
0,11,100
0,11,60
0,11,100
0,11,60
0,11,60
0,11,60
0,11,100
0,11,60
0,11,100
0,11,100
0,11,60
0,11,100
0,11,100
0,11,60
0,11,60
0,12,100
0,12,140
0,12,60
0,12,60
0,12,140
0,12,100
0,12,100
0,12,100
0,12,100
0,12,100
0,12,180
0,12,100
0,12,140
0,12,100
0,12,140
0,12,60
0,12,100
0,12,100
0,12,100
0,12,100
0,12,100
0,12,140
0,12,100
0,12,100
0,12,100
0,12,100
0,12,140
0,12,140
0,12,60
0,12,100
0,12,140
0,12,60
0,12,100
0,12,60
0,12,100
0,12,100
0,12,100
0,12,140
0,12,100
0,12,100
0,12,100
0,12,100
0,12,100
0,12,100
0,13,140
0,13,140
0,13,100
0,13,100
0,13,100
0,13,100
0,13,140
0,13,100
0,13,60
0,13,100
0,13,140
0,13,100
0,13,100
0,13,100
0,13,140
0,13,140
0,13,100
0,13,100
0,13,100
0,13,100
0,13,100
0,13,100
0,13,140
0,13,60
0,13,140
0,13,140
0,13,100
0,13,100
0,13,60
0,13,100
0,13,140
0,13,60
0,13,100
0,13,100
0,13,60
0,13,100
0,13,60
0,13,140
0,13,100
0,13,100
0,13,180
0,13,140
0,13,100
0,13,60
0,13,60
0,13,100
0,13,100
0,13,100
0,13,100
0,13,60
0,13,100
0,13,140
0,13,140
0,14,100
0,14,60
0,14,220
0,14,100
0,14,60
0,14,140
0,14,60
0,14,100
0,14,100
0,14,140
0,14,60
0,14,140
0,14,180
0,14,60
0,14,60
0,14,60
0,14,60
0,14,60
0,14,100
0,14,60
0,14,140
0,14,100
0,14,140
0,14,60
0,14,260
0,14,100
0,14,60
0,14,60
0,14,100
0,14,100
0,14,60
0,14,60
0,14,60
0,14,60
0,14,100
0,14,100
0,14,140
0,14,100
0,14,60
0,14,60
0,14,100
0,14,60
0,14,60
0,14,100
0,14,140
0,15,140
0,15,60
0,15,60
0,15,100
0,15,60
0,15,60
0,15,100
0,15,60
0,15,100
0,15,140
0,15,100
0,15,60
0,15,60
0,15,180
0,15,60
0,15,100
0,15,100
0,15,140
0,15,100
0,15,60
0,15,140
0,15,140
0,15,60
0,15,100
0,15,140
0,15,100
0,15,140
0,15,60
0,15,100
0,15,60
0,15,60
0,15,100
0,15,100
0,15,100
0,15,60
0,15,140
0,15,100
0,15,60
0,15,60
0,15,60
0,15,60
0,15,180
0,15,60
0,15,140
0,15,140
0,16,140
0,16,180
0,16,60
0,16,140
0,16,140
0,16,100
0,16,100
0,16,180
0,16,180
0,16,100
0,16,60
0,16,100
0,16,60
0,16,140
0,16,100
0,16,60
0,16,100
0,16,60
0,16,100
0,16,100
0,16,180
0,16,140
0,16,100
0,16,100
0,16,100
0,16,60
0,16,140
0,16,100
0,16,140
0,16,100
0,16,140
0,16,140
0,16,100
0,16,100
0,16,180
0,16,140
0,16,100
0,16,100
0,16,140
0,16,180
0,16,140
0,16,140
0,16,220
0,17,60
0,17,220
0,17,100
0,17,140
0,17,140
0,17,100
0,17,100
0,17,100
0,17,60
0,17,220
0,17,180
0,17,140
0,17,100
0,17,100
0,17,100
0,17,100
0,17,100
0,17,100
0,17,140
0,17,220
0,17,100
0,17,60
0,17,180
0,17,140
0,17,100
0,17,180
0,17,100
0,17,180
0,17,220
0,17,100
0,17,60
0,17,100
0,17,100
0,17,100
0,17,100
0,17,140
0,17,180
0,17,180
0,18,100
0,18,100
0,18,180
0,18,100
0,18,100
0,18,140
0,18,140
0,18,140
0,18,140
0,18,140
0,18,100
0,18,140
0,18,60
0,18,140
0,18,140
0,18,180
0,18,140
0,18,100
0,18,100
0,18,100
0,18,140
0,18,140
0,18,180
0,18,180
0,18,140
0,18,100
0,18,180
0,19,180
0,19,220
0,19,140
0,19,140
0,19,180
0,19,220
0,19,180
0,19,140
0,19,140
0,19,180
0,19,140
0,19,220
0,19,140
0,19,180
0,19,180
0,19,140
0,19,220
0,19,180
0,19,180
0,19,180
0,19,180
0,19,180
0,19,140
0,19,140
0,19,220
0,19,220
0,19,140
0,19,100
0,19,140
0,19,140
0,19,220
0,19,140
0,19,140
0,19,180
0,19,100
0,19,140
0,20,140
0,20,100
0,20,100
0,20,140
0,20,140
0,20,140
0,20,140
0,20,180
0,20,100
0,20,220
0,20,180
0,20,140
0,20,140
0,20,220
0,20,140
0,20,180
0,20,100
0,20,180
0,20,140
0,20,140
0,20,140
0,20,140
0,20,260
0,20,100
0,20,100
0,20,140
0,20,140
0,20,140
0,20,180
0,20,140
0,21,100
0,21,100
0,21,100
0,21,180
0,21,220
0,21,140
0,21,180
0,21,180
0,21,180
0,21,140
0,21,100
0,21,180
0,21,180
0,21,140
0,21,180
0,21,100
0,21,140
0,21,140
0,21,100
0,21,100
0,21,140
0,21,100
0,21,140
0,21,100
0,21,100
0,21,220
0,22,140
0,22,100
0,22,140
0,22,140
0,22,180
0,22,140
0,22,140
0,22,180
0,22,140
0,22,100
0,22,140
0,22,140
0,22,140
0,22,180
0,22,300
0,22,220
0,22,180
0,22,140
0,22,140
0,22,180
0,22,220
0,22,100
0,22,140
0,22,140
0,22,180
0,22,140
0,22,180
0,22,140
0,22,180
0,22,140
0,22,100
0,22,140
0,23,180
0,23,140
0,23,180
0,23,140
0,23,140
0,23,180
0,23,180
0,23,220
0,23,140
0,23,140
0,23,380
0,23,140
0,23,180
0,23,260
0,23,180
0,23,180
0,23,220
0,23,140
0,23,180
0,23,100
0,23,220
0,23,140
0,23,140
0,23,140
0,23,180
0,23,140
0,23,140
0,23,180
0,23,180
0,23,140
0,23,180
0,23,140
0,23,220
0,23,140
0,23,180
0,23,180
0,23,140
0,23,180
0,24,180
0,24,180
0,24,140
0,24,260
0,24,260
0,24,300
0,24,180
0,24,220
0,24,140
0,24,180
0,24,140
0,24,300
0,24,140
0,24,140
0,24,260
0,24,180
0,24,140
0,24,140
0,24,140
0,24,140
0,24,180
0,24,180
0,24,180
0,24,140
0,24,140
0,24,180
0,25,180
0,25,140
0,25,180
0,25,220
0,25,180
0,25,180
0,25,180
0,25,220
0,25,140
0,25,220
0,25,180
0,25,220
0,25,180
0,25,140
0,25,140
0,25,180
0,25,180
0,25,260
0,25,220
0,25,180
0,26,140
0,26,140
0,26,140
0,26,180
0,26,220
0,26,100
0,26,140
0,26,140
0,26,100
0,26,180
0,26,140
0,26,140
0,26,180
0,26,180
0,26,100
0,26,180
0,26,140
0,26,140
0,26,220
0,26,140
0,26,180
0,26,180
0,26,180
0,26,140
0,26,100
0,26,180
0,27,100
0,27,140
0,27,60
0,27,220
0,27,140
0,27,100
0,27,140
0,27,140
0,27,60
0,27,100
0,27,140
0,27,100
0,27,100
0,27,100
0,27,100
0,27,60
0,27,100
0,27,140
0,27,100
0,27,100
0,27,100
0,27,140
0,27,100
1,2,60
1,2,20
1,2,20
1,2,20
1,2,20
1,2,20
1,2,20
1,2,20
1,2,20
1,2,20
1,2,60
1,2,20
1,2,20
1,2,20
1,2,60
1,2,60
1,2,100
1,2,20
1,2,20
1,2,20
1,2,20
1,2,20
1,2,20
1,2,20
1,2,20
1,2,20
1,2,20
1,2,20
1,2,20
1,2,60
1,2,20
1,2,20
1,2,20
1,2,20
1,2,60
1,2,20
1,2,20
1,2,60
1,2,20
1,2,20
1,2,20
1,2,20
1,3,20
1,3,100
1,3,100
1,3,60
1,3,20
1,3,140
1,3,60
1,3,20
1,3,100
1,3,60
1,3,180
1,3,60
1,3,60
1,3,180
1,3,100
1,3,60
1,3,140
1,3,60
1,3,60
1,3,100
1,3,60
1,3,60
1,3,100
1,3,100
1,3,100
1,3,60
1,3,60
1,3,140
1,3,60
1,3,60
1,3,60
1,3,60
1,3,100
1,3,100
1,3,20
1,3,60
1,3,60
1,3,60
1,3,60
1,3,100
1,3,60
1,3,60
1,3,60
1,3,60
1,3,60
1,3,60
1,3,140
1,3,100
1,4,60
1,4,60
1,4,20
1,4,20
1,4,220
1,4,20
1,4,20
1,4,100
1,4,20
1,4,20
1,4,60
1,4,100
1,4,60
1,4,20
1,4,100
1,4,60
1,4,20
1,4,60
1,4,20
1,4,20
1,4,20
1,4,20
1,4,20
1,4,100
1,4,100
1,4,100
1,4,60
1,4,60
1,4,60
1,4,20
1,4,60
1,4,140
1,4,20
1,4,20
1,4,140
1,4,100
1,4,20
1,4,20
1,4,20
1,4,20
1,4,60
1,4,60
1,5,20
1,5,20
1,5,20
1,5,20
1,5,20
1,5,20
1,5,20
1,5,20
1,5,60
1,5,140
1,5,20
1,5,20
1,5,20
1,5,20
1,5,20
1,5,20
1,5,20
1,5,20
1,5,20
1,5,60
1,5,20
1,5,20
1,5,20
1,5,20
1,5,20
1,5,60
1,5,20
1,5,20
1,5,20
1,5,60
1,5,20
1,5,60
1,5,60
1,5,20
1,5,20
1,5,20
1,5,20
1,5,20
1,5,20
1,5,20
1,5,20
1,6,100
1,6,60
1,6,100
1,6,60
1,6,20
1,6,20
1,6,60
1,6,100
1,6,20
1,6,20
1,6,20
1,6,60
1,6,60
1,6,100
1,6,60
1,6,140
1,6,20
1,6,100
1,6,60
1,6,60
1,6,100
1,6,60
1,6,140
1,6,20
1,6,20
1,6,100
1,6,60
1,6,20
1,6,20
1,6,60
1,6,20
1,6,60
1,6,60
1,6,60
1,6,20
1,6,60
1,7,260
1,7,60
1,7,100
1,7,100
1,7,60
1,7,60
1,7,100
1,7,60
1,7,60
1,7,100
1,7,100
1,7,20
1,7,220
1,7,140
1,7,100
1,7,100
1,7,180
1,7,140
1,7,100
1,7,60
1,7,60
1,7,140
1,7,100
1,7,60
1,7,140
1,7,20
1,7,60
1,8,140
1,8,260
1,8,140
1,8,180
1,8,100
1,8,220
1,8,140
1,8,60
1,8,220
1,8,60
1,8,100
1,8,140
1,8,100
1,8,100
1,8,100
1,8,60
1,8,180
1,8,60
1,8,60
1,8,300
1,8,180
1,8,180
1,8,220
1,8,100
1,8,140
1,8,60
1,8,60
1,8,140
1,8,300
1,8,140
1,8,140
1,9,100
1,9,140
1,9,260
1,9,100
1,9,100
1,9,60
1,9,100
1,9,140
1,9,100
1,9,140
1,9,140
1,9,180
1,9,100
1,9,140
1,9,100
1,9,140
1,9,140
1,9,180
1,9,140
1,9,140
1,9,100
1,9,140
1,9,140
1,9,140
1,9,140
1,9,140
1,9,220
1,10,100
1,10,100
1,10,100
1,10,140
1,10,60
1,10,300
1,10,60
1,10,140
1,10,100
1,10,100
1,10,140
1,10,100
1,10,180
1,10,220
1,10,100
1,10,140
1,10,180
1,10,180
1,10,180
1,10,140
1,10,180
1,10,140
1,10,100
1,11,100
1,11,180
1,11,60
1,11,60
1,11,180
1,11,100
1,11,20
1,11,60
1,11,100
1,11,100
1,11,100
1,11,100
1,11,140
1,11,60
1,11,20
1,11,20
1,11,20
1,11,140
1,11,60
1,11,60
1,11,100
1,12,140
1,12,100
1,12,100
1,12,180
1,12,220
1,12,180
1,12,100
1,12,100
1,12,100
1,12,60
1,12,140
1,12,100
1,12,220
1,12,140
1,12,140
1,12,140
1,12,140
1,12,140
1,12,60
1,12,140
1,12,60
1,12,60
1,12,140
1,13,100
1,13,180
1,13,140
1,13,140
1,13,220
1,13,140
1,13,140
1,13,140
1,13,100
1,13,140
1,13,180
1,13,100
1,13,100
1,13,100
1,13,100
1,13,140
1,13,100
1,13,100
1,13,140
1,13,140
1,14,60
1,14,100
1,14,220
1,14,140
1,14,180
1,14,180
1,14,60
1,14,100
1,14,60
1,14,180
1,14,100
1,14,100
1,14,60
1,14,140
1,14,60
1,14,140
1,14,140
1,15,180
1,15,60
1,15,220
1,15,140
1,15,140
1,15,60
1,15,180
1,15,100
1,15,260
1,15,100
1,15,100
1,16,140
1,16,140
1,16,140
1,16,140
1,16,180
1,16,100
1,16,140
1,16,60
1,16,100
1,16,60
1,16,100
1,16,100
1,16,300
1,16,220
1,16,220
1,16,100
1,16,140
1,16,100
1,17,140
1,17,220
1,17,100
1,17,220
1,17,220
1,17,100
1,17,100
1,17,100
1,17,140
1,17,140
1,17,100
1,17,100
1,17,100
1,18,100
1,18,100
1,18,100
1,18,100
1,18,220
1,18,100
1,19,220
1,19,140
1,19,100
1,19,260
1,19,220
1,19,220
1,19,100
1,19,140
1,19,140
1,20,180
1,20,140
1,20,260
1,20,140
1,20,140
1,21,140
1,21,220
1,21,180
1,21,60
1,22,140
1,22,100
1,22,140
1,22,180
1,22,100
1,22,140
1,23,140
1,23,220
1,23,140
1,23,140
1,23,140
1,23,100
1,23,100
1,23,140
1,23,100
1,23,180
1,23,220
1,23,100
1,23,180
1,24,180
1,24,180
1,24,180
1,24,140
1,25,140
1,25,260
1,25,180
1,25,180
1,25,220
1,26,180
1,26,140
1,27,100
1,27,60
1,27,100
1,27,60
2,3,20
2,3,60
2,3,60
2,3,60
2,3,20
2,3,300
2,3,20
2,3,20
2,3,60
2,3,60
2,3,60
2,3,60
2,3,140
2,3,20
2,3,220
2,3,60
2,3,140
2,3,60
2,3,100
2,3,60
2,3,20
2,3,20
2,3,60
2,3,20
2,3,100
2,3,20
2,3,20
2,3,20
2,3,60
2,3,180
2,3,20
2,3,20
2,3,180
2,3,100
2,3,100
2,3,60
2,3,20
2,3,140
2,3,20
2,3,60
2,3,60
2,3,60
2,3,20
2,3,20
2,3,20
2,3,100
2,3,20
2,3,20
2,3,180
2,3,60
2,4,60
2,4,60
2,4,60
2,4,180
2,4,60
2,4,60
2,4,60
2,4,60
2,4,100
2,4,60
2,4,20
2,4,20
2,4,100
2,4,100
2,4,60
2,4,100
2,4,60
2,4,60
2,4,20
2,4,60
2,4,60
2,4,60
2,4,60
2,4,60
2,4,20
2,4,60
2,4,60
2,4,60
2,4,100
2,4,20
2,4,60
2,4,60
2,4,20
2,4,60
2,4,60
2,4,180
2,4,60
2,4,60
2,4,60
2,4,140
2,4,60
2,4,60
2,4,20
2,4,60
2,4,60
2,4,20
2,4,20
2,4,60
2,4,20
2,4,20
2,4,60
2,4,60
2,5,20
2,5,20
2,5,20
2,5,20
2,5,20
2,5,20
2,5,20
2,5,60
2,5,20
2,5,60
2,5,20
2,5,100
2,5,20
2,5,60
2,5,20
2,5,20
2,5,20
2,5,20
2,5,20
2,5,20
2,5,20
2,5,20
2,5,20
2,5,20
2,5,20
2,5,60
2,5,60
2,5,20
2,5,20
2,5,20
2,5,20
2,5,20
2,5,20
2,5,260
2,5,20
2,5,20
2,5,20
2,5,60
2,5,140
2,5,20
2,5,60
2,5,20
2,5,20
2,5,60
2,5,20
2,5,20
2,5,100
2,5,20
2,5,20
2,5,20
2,5,20
2,5,20
2,5,20
2,6,20
2,6,20
2,6,60
2,6,140
2,6,180
2,6,20
2,6,100
2,6,100
2,6,20
2,6,60
2,6,60
2,6,20
2,6,60
2,6,60
2,6,100
2,6,60
2,6,60
2,6,60
2,6,20
2,6,140
2,6,100
2,6,140
2,6,100
2,6,20
2,6,60
2,6,60
2,6,60
2,6,60
2,6,20
2,6,60
2,6,60
2,6,100
2,6,20
2,7,140
2,7,140
2,7,100
2,7,100
2,7,300
2,7,60
2,7,140
2,7,60
2,7,100
2,7,180
2,7,20
2,7,140
2,7,100
2,7,180
2,7,180
2,7,140
2,7,140
2,7,60
2,7,220
2,7,60
2,7,140
2,7,260
2,7,60
2,7,100
2,7,140
2,7,220
2,7,60
2,7,180
2,7,60
2,7,60
2,7,60
2,8,180
2,8,220
2,8,60
2,8,100
2,8,100
2,8,180
2,8,140
2,8,100
2,8,100
2,8,60
2,8,140
2,8,60
2,8,340
2,8,140
2,8,140
2,8,100
2,8,340
2,8,140
2,8,180
2,8,260
2,8,140
2,8,100
2,8,220
2,8,100
2,8,60
2,8,140
2,8,100
2,8,60
2,8,100
2,9,140
2,9,100
2,9,300
2,9,60
2,9,140
2,9,140
2,9,100
2,9,140
2,9,60
2,9,100
2,9,220
2,9,100
2,9,260
2,9,140
2,9,140
2,9,100
2,9,220
2,9,220
2,9,140
2,9,140
2,9,100
2,9,220
2,9,100
2,10,100
2,10,100
2,10,340
2,10,100
2,10,220
2,10,220
2,10,140
2,10,140
2,10,260
2,10,220
2,10,100
2,10,220
2,10,100
2,10,100
2,10,180
2,10,60
2,10,100
2,10,20
2,10,300
2,10,60
2,10,100
2,10,60
2,10,180
2,10,60
2,10,180
2,10,140
2,10,100
2,10,220
2,10,180
2,10,140
2,10,60
2,11,60
2,11,100
2,11,60
2,11,60
2,11,100
2,11,60
2,11,60
2,11,60
2,11,60
2,11,60
2,11,100
2,11,60
2,11,60
2,11,60
2,11,100
2,11,100
2,11,60
2,11,100
2,11,60
2,11,60
2,11,60
2,11,60
2,11,100
2,11,100
2,11,60
2,11,100
2,11,180
2,11,140
2,11,60
2,11,100
2,12,100
2,12,100
2,12,60
2,12,100
2,12,60
2,12,60
2,12,100
2,12,140
2,12,100
2,12,100
2,12,100
2,12,100
2,12,60
2,12,100
2,12,100
2,12,60
2,12,220
2,12,260
2,12,100
2,12,60
2,12,100
2,12,100
2,12,100
2,12,180
2,12,220
2,12,180
2,12,100
2,12,100
2,12,100
2,13,140
2,13,100
2,13,100
2,13,60
2,13,60
2,13,180
2,13,100
2,13,140
2,13,60
2,13,60
2,13,60
2,13,140
2,13,60
2,13,60
2,13,60
2,13,140
2,13,60
2,13,60
2,13,60
2,13,100
2,13,60
2,13,60
2,13,100
2,13,180
2,14,20
2,14,60
2,14,180
2,14,100
2,14,60
2,14,60
2,14,20
2,14,60
2,14,60
2,14,20
2,14,140
2,14,100
2,14,140
2,14,60
2,14,60
2,14,60
2,14,100
2,14,100
2,14,20
2,14,20
2,14,100
2,14,20
2,14,60
2,14,20
2,14,20
2,14,60
2,14,20
2,14,60
2,14,260
2,14,140
2,14,100
2,14,20
2,14,100
2,14,100
2,14,140
2,15,140
2,15,100
2,15,340
2,15,60
2,15,20
2,15,20
2,15,220
2,15,20
2,15,100
2,15,20
2,15,20
2,15,140
2,15,20
2,15,140
2,15,20
2,15,60
2,15,180
2,15,20
2,15,100
2,15,100
2,15,100
2,15,20
2,15,140
2,15,100
2,16,180
2,16,140
2,16,60
2,16,100
2,16,140
2,16,60
2,16,140
2,16,100
2,16,100
2,16,140
2,16,140
2,16,60
2,16,100
2,16,180
2,16,140
2,16,60
2,16,140
2,16,60
2,16,140
2,16,20
2,16,100
2,17,140
2,17,100
2,17,140
2,17,180
2,17,60
2,17,100
2,17,140
2,17,100
2,17,140
2,17,180
2,17,60
2,17,100
2,17,260
2,17,180
2,17,100
2,17,60
2,17,60
2,17,60
2,17,100
2,17,60
2,18,100
2,18,60
2,18,140
2,18,140
2,18,100
2,18,60
2,18,140
2,18,140
2,18,140
2,18,60
2,18,60
2,18,180
2,18,140
2,18,140
2,18,60
2,18,60
2,18,140
2,18,100
2,18,60
2,19,60
2,19,100
2,19,140
2,19,100
2,19,140
2,19,180
2,19,140
2,19,140
2,19,140
2,19,260
2,19,180
2,19,220
2,19,100
2,19,100
2,19,140
2,19,220
2,19,140
2,19,140
2,19,180
2,19,100
2,19,140
2,20,140
2,20,140
2,20,140
2,20,100
2,20,100
2,20,100
2,20,180
2,20,180
2,20,140
2,20,100
2,20,100
2,20,140
2,20,140
2,20,140
2,20,140
2,20,100
2,20,100
2,20,100
2,20,140
2,20,180
2,20,140
2,21,140
2,21,180
2,21,140
2,21,180
2,21,140
2,21,180
2,21,180
2,21,140
2,21,140
2,21,100
2,21,180
2,21,100
2,21,60
2,22,300
2,22,140
2,22,100
2,22,260
2,22,100
2,22,180
2,22,100
2,22,180
2,22,100
2,22,140
2,22,100
2,23,380
2,23,180
2,23,180
2,23,140
2,23,260
2,23,140
2,23,100
2,23,260
2,23,260
2,23,220
2,23,180
2,23,180
2,23,140
2,23,180
2,24,140
2,24,220
2,24,180
2,24,100
2,24,140
2,24,140
2,24,180
2,24,220
2,24,180
2,24,220
2,24,180
2,25,180
2,25,220
2,25,180
2,25,140
2,25,220
2,25,220
2,25,100
2,25,180
2,26,180
2,26,140
2,26,140
2,26,140
2,26,180
2,26,60
2,27,20
2,27,20
2,27,60
2,27,100
2,27,60
2,27,20
2,27,140
2,27,60
2,27,100
2,27,20
3,4,60
3,4,60
3,4,60
3,4,20
3,4,60
3,4,140
3,4,60
3,4,20
3,4,20
3,4,20
3,4,60
3,4,20
3,4,20
3,4,60
3,4,140
3,4,20
3,4,20
3,4,60
3,4,60
3,4,20
3,4,20
3,4,60
3,4,20
3,4,60
3,4,100
3,4,20
3,4,20
3,4,60
3,4,100
3,4,20
3,4,60
3,4,100
3,4,20
3,4,20
3,4,60
3,4,100
3,4,60
3,4,60
3,4,100
3,4,20
3,4,60
3,4,140
3,4,20
3,4,140
3,4,100
3,4,20
3,4,60
3,4,20
3,4,20
3,4,60
3,4,20
3,4,60
3,4,20
3,4,20
3,4,60
3,5,100
3,5,60
3,5,20
3,5,100
3,5,60
3,5,100
3,5,60
3,5,60
3,5,60
3,5,60
3,5,20
3,5,20
3,5,60
3,5,180
3,5,20
3,5,100
3,5,20
3,5,140
3,5,20
3,5,140
3,5,60
3,5,100
3,5,100
3,5,60
3,5,20
3,5,60
3,5,20
3,5,60
3,5,20
3,6,60
3,6,100
3,6,100
3,6,60
3,6,140
3,6,60
3,6,20
3,6,60
3,6,60
3,6,60
3,6,140
3,6,140
3,6,100
3,6,60
3,6,60
3,6,60
3,6,60
3,6,60
3,6,60
3,6,60
3,6,60
3,6,60
3,6,60
3,6,60
3,6,60
3,6,60
3,6,140
3,6,60
3,6,20
3,6,60
3,6,100
3,6,60
3,6,60
3,6,60
3,6,140
3,6,60
3,6,140
3,6,140
3,6,60
3,6,380
3,6,140
3,6,60
3,6,60
3,6,100
3,6,60
3,6,100
3,6,60
3,6,100
3,6,60
3,6,60
3,6,220
3,7,60
3,7,180
3,7,100
3,7,220
3,7,100
3,7,180
3,7,60
3,7,100
3,7,180
3,7,220
3,7,140
3,7,180
3,7,60
3,7,140
3,7,100
3,7,100
3,7,60
3,7,100
3,7,180
3,7,100
3,7,140
3,7,100
3,7,100
3,7,100
3,7,180
3,7,100
3,7,100
3,7,220
3,7,100
3,7,140
3,7,140
3,7,140
3,7,60
3,7,60
3,7,180
3,7,180
3,7,140
3,7,60
3,7,220
3,7,100
3,7,100
3,7,100
3,7,60
3,7,60
3,7,100
3,7,140
3,7,220
3,7,140
3,7,140
3,8,180
3,8,140
3,8,100
3,8,180
3,8,100
3,8,140
3,8,220
3,8,140
3,8,100
3,8,220
3,8,180
3,8,140
3,8,140
3,8,100
3,8,220
3,8,100
3,8,140
3,8,100
3,8,220
3,8,140
3,8,260
3,8,140
3,8,100
3,8,420
3,8,100
3,8,140
3,8,60
3,8,180
3,8,140
3,8,100
3,8,140
3,8,100
3,8,220
3,8,140
3,8,180
3,8,60
3,8,180
3,8,180
3,8,180
3,8,140
3,9,180
3,9,180
3,9,220
3,9,260
3,9,100
3,9,260
3,9,220
3,9,180
3,9,100
3,9,180
3,9,180
3,9,180
3,9,180
3,9,100
3,9,140
3,9,140
3,9,140
3,9,180
3,9,220
3,9,100
3,9,140
3,9,180
3,9,100
3,9,180
3,9,180
3,9,100
3,9,140
3,9,140
3,9,140
3,9,140
3,9,180
3,9,220
3,9,140
3,9,100
3,9,100
3,10,60
3,10,100
3,10,180
3,10,100
3,10,180
3,10,260
3,10,60
3,10,100
3,10,100
3,10,180
3,10,100
3,10,260
3,10,180
3,10,220
3,10,180
3,10,220
3,10,100
3,10,140
3,10,60
3,10,100
3,10,140
3,10,180
3,10,140
3,10,220
3,10,100
3,10,100
3,10,60
3,10,60
3,10,140
3,10,100
3,10,100
3,10,100
3,10,140
3,10,100
3,10,140
3,10,100
3,10,100
3,10,60
3,10,100
3,10,100
3,10,180
3,10,100
3,10,140
3,10,100
3,10,100
3,10,100
3,10,100
3,10,140
3,10,140
3,10,60
3,10,140
3,11,100
3,11,60
3,11,20
3,11,100
3,11,20
3,11,60
3,11,20
3,11,60
3,11,60
3,11,100
3,11,20
3,11,20
3,11,20
3,11,60
3,11,100
3,11,100
3,11,60
3,11,180
3,11,100
3,11,60
3,11,60
3,11,60
3,11,60
3,11,20
3,11,60
3,11,60
3,11,100
3,11,100
3,11,100
3,11,60
3,11,20
3,11,60
3,11,60
3,11,140
3,11,20
3,11,100
3,11,100
3,11,100
3,11,20
3,11,60
3,11,60
3,11,60
3,11,60
3,11,20
3,12,100
3,12,60
3,12,100
3,12,180
3,12,60
3,12,100
3,12,180
3,12,100
3,12,60
3,12,100
3,12,100
3,12,60
3,12,60
3,12,60
3,12,180
3,12,100
3,12,140
3,12,100
3,12,180
3,12,100
3,12,100
3,12,60
3,12,60
3,12,140
3,12,140
3,12,100
3,12,140
3,12,60
3,12,100
3,12,100
3,12,140
3,12,100
3,12,60
3,12,100
3,12,20
3,12,100
3,13,20
3,13,60
3,13,60
3,13,60
3,13,100
3,13,100
3,13,60
3,13,100
3,13,20
3,13,20
3,13,100
3,13,60
3,13,60
3,13,60
3,13,60
3,13,20
3,13,20
3,13,60
3,13,60
3,13,60
3,13,60
3,13,20
3,13,60
3,13,20
3,13,140
3,13,20
3,13,60
3,13,60
3,13,60
3,13,100
3,13,20
3,13,100
3,13,60
3,13,60
3,13,100
3,13,60
3,13,60
3,13,20
3,13,60
3,13,100
3,13,20
3,13,20
3,13,60
3,13,100
3,13,60
3,13,60
3,13,100
3,13,60
3,13,20
3,13,60
3,13,20
3,13,60
3,14,100
3,14,60
3,14,60
3,14,20
3,14,20
3,14,100
3,14,20
3,14,20
3,14,20
3,14,180
3,14,140
3,14,20
3,14,60
3,14,100
3,14,20
3,14,20
3,14,60
3,14,20
3,14,100
3,14,20
3,14,100
3,14,60
3,14,60
3,14,20
3,14,60
3,14,100
3,14,20
3,14,60
3,14,60
3,14,60
3,14,60
3,14,20
3,14,20
3,14,20
3,14,60
3,14,20
3,14,60
3,14,20
3,14,20
3,14,60
3,15,20
3,15,100
3,15,20
3,15,20
3,15,60
3,15,20
3,15,60
3,15,60
3,15,20
3,15,220
3,15,180
3,15,60
3,15,20
3,15,20
3,15,20
3,15,20
3,15,20
3,15,20
3,15,60
3,15,20
3,15,20
3,15,20
3,15,20
3,15,60
3,15,60
3,15,60
3,15,20
3,15,20
3,15,20
3,15,20
3,15,60
3,15,60
3,15,20
3,15,100
3,15,20
3,15,20
3,15,20
3,15,140
3,15,60
3,15,20
3,15,60
3,15,20
3,15,20
3,15,20
3,15,100
3,15,20
3,15,20
3,15,60
3,15,20
3,15,60
3,15,20
3,15,60
3,15,20
3,15,100
3,15,20
3,15,60
3,15,20
3,16,180
3,16,20
3,16,20
3,16,60
3,16,20
3,16,20
3,16,20
3,16,380
3,16,20
3,16,140
3,16,20
3,16,20
3,16,20
3,16,100
3,16,20
3,16,20
3,16,20
3,16,20
3,16,20
3,16,20
3,16,20
3,16,20
3,16,20
3,16,100
3,16,20
3,16,60
3,16,60
3,16,60
3,16,60
3,16,60
3,16,60
3,16,20
3,16,60
3,16,20
3,16,20
3,16,20
3,16,20
3,16,20
3,16,20
3,16,20
3,16,60
3,16,100
3,16,60
3,16,60
3,16,60
3,16,20
3,17,20
3,17,20
3,17,20
3,17,60
3,17,20
3,17,60
3,17,60
3,17,20
3,17,20
3,17,20
3,17,20
3,17,60
3,17,180
3,17,20
3,17,60
3,17,60
3,17,60
3,17,60
3,17,20
3,17,60
3,17,20
3,17,60
3,17,20
3,17,60
3,17,60
3,17,20
3,17,140
3,17,100
3,17,20
3,17,20
3,17,20
3,17,60
3,17,60
3,17,20
3,17,60
3,17,20
3,17,100
3,17,20
3,17,180
3,17,60
3,17,60
3,17,20
3,17,20
3,17,60
3,17,60
3,17,60
3,17,60
3,17,60
3,17,100
3,17,20
3,18,260
3,18,60
3,18,100
3,18,140
3,18,60
3,18,100
3,18,100
3,18,60
3,18,60
3,18,100
3,18,100
3,18,100
3,18,100
3,18,140
3,18,60
3,18,60
3,18,140
3,18,60
3,18,60
3,18,60
3,18,140
3,18,100
3,18,60
3,18,100
3,18,100
3,18,100
3,18,60
3,18,220
3,18,60
3,18,180
3,18,100
3,18,60
3,18,60
3,19,100
3,19,100
3,19,100
3,19,260
3,19,140
3,19,140
3,19,140
3,19,140
3,19,100
3,19,100
3,19,140
3,19,140
3,19,140
3,19,100
3,19,100
3,19,220
3,19,140
3,19,220
3,19,100
3,19,100
3,19,100
3,19,100
3,19,140
3,19,100
3,19,180
3,19,100
3,19,100
3,19,180
3,19,20
3,19,140
3,19,100
3,19,140
3,19,140
3,19,100
3,19,100
3,19,180
3,19,140
3,19,100
3,19,60
3,19,60
3,20,180
3,20,60
3,20,140
3,20,180
3,20,100
3,20,140
3,20,100
3,20,140
3,20,180
3,20,100
3,20,180
3,20,180
3,20,140
3,20,140
3,20,100
3,20,140
3,20,140
3,20,180
3,20,100
3,20,100
3,20,140
3,20,260
3,20,180
3,20,300
3,20,100
3,20,220
3,20,140
3,20,140
3,20,60
3,20,100
3,21,180
3,21,220
3,21,220
3,21,100
3,21,140
3,21,220
3,21,100
3,21,100
3,21,140
3,21,140
3,21,180
3,21,100
3,21,300
3,21,140
3,21,300
3,21,140
3,21,180
3,21,100
3,21,140
3,21,220
3,21,100
3,21,180
3,21,60
3,21,100
3,21,220
3,21,100
3,21,220
3,21,180
3,21,180
3,21,180
3,21,140
3,21,100
3,21,180
3,21,140
3,22,140
3,22,220
3,22,180
3,22,180
3,22,140
3,22,180
3,22,140
3,22,180
3,22,220
3,22,220
3,22,140
3,22,140
3,22,140
3,22,180
3,22,140
3,22,140
3,22,100
3,22,180
3,22,140
3,22,140
3,22,180
3,22,260
3,22,140
3,22,220
3,22,140
3,22,140
3,22,140
3,23,100
3,23,220
3,23,140
3,23,220
3,23,100
3,23,220
3,23,140
3,23,140
3,23,140
3,23,140
3,23,100
3,23,100
3,23,180
3,23,180
3,23,100
3,23,180
3,23,100
3,23,180
3,23,100
3,23,140
3,23,140
3,23,100
3,24,140
3,24,180
3,24,140
3,24,220
3,24,140
3,24,260
3,24,140
3,24,180
3,24,180
3,24,180
3,24,180
3,24,140
3,24,140
3,24,140
3,24,260
3,24,380
3,24,140
3,24,180
3,24,180
3,24,180
3,24,140
3,24,180
3,24,180
3,25,300
3,25,140
3,25,220
3,25,140
3,25,140
3,25,220
3,25,140
3,25,100
3,25,180
3,25,140
3,25,220
3,25,140
3,25,100
3,25,140
3,25,180
3,25,140
3,25,340
3,25,140
3,25,100
3,25,220
3,25,100
3,25,140
3,26,260
3,26,140
3,26,300
3,26,140
3,26,100
3,26,260
3,26,140
3,26,180
3,26,100
3,26,180
3,26,140
3,26,140
3,26,140
3,26,220
3,26,220
3,26,180
3,26,180
3,26,100
3,27,60
3,27,20
3,27,100
3,27,20
3,27,100
3,27,20
3,27,20
3,27,100
3,27,60
3,27,20
3,27,20
3,27,20
3,27,20
3,27,140
3,27,20
3,27,20
3,27,20
3,27,140
3,27,20
3,27,100
3,27,20
3,27,20
3,27,60
3,27,100
3,27,20
3,27,20
3,27,20
3,27,20
3,27,60
3,27,20
4,5,20
4,5,100
4,5,180
4,5,60
4,5,60
4,5,20
4,5,20
4,5,20
4,5,20
4,5,20
4,5,60
4,5,20
4,5,60
4,5,20
4,5,20
4,5,20
4,5,20
4,5,20
4,5,20
4,5,20
4,5,20
4,5,20
4,5,20
4,5,20
4,5,20
4,5,20
4,5,20
4,5,20
4,5,60
4,5,20
4,5,20
4,5,60
4,5,20
4,5,20
4,5,20
4,6,60
4,6,60
4,6,100
4,6,380
4,6,140
4,6,20
4,6,60
4,6,20
4,6,100
4,6,20
4,6,20
4,6,60
4,6,60
4,6,60
4,6,20
4,6,60
4,6,140
4,6,60
4,6,20
4,6,60
4,6,20
4,6,20
4,6,60
4,6,60
4,6,20
4,6,20
4,6,140
4,6,60
4,6,60
4,6,140
4,6,20
4,6,60
4,6,20
4,6,60
4,6,60
4,7,140
4,7,60
4,7,140
4,7,100
4,7,60
4,7,140
4,7,60
4,7,60
4,7,60
4,7,60
4,7,60
4,7,300
4,7,100
4,7,300
4,7,60
4,7,60
4,7,100
4,7,100
4,7,100
4,7,60
4,7,140
4,7,60
4,7,60
4,7,20
4,7,60
4,7,60
4,7,60
4,8,100
4,8,100
4,8,60
4,8,100
4,8,100
4,8,220
4,8,140
4,8,140
4,8,180
4,8,180
4,8,180
4,8,140
4,8,180
4,8,140
4,8,220
4,8,140
4,8,260
4,8,100
4,8,100
4,8,100
4,8,180
4,8,140
4,8,220
4,8,220
4,8,60
4,8,140
4,8,260
4,8,100
4,8,100
4,8,180
4,8,180
4,8,180
4,8,100
4,9,100
4,9,100
4,9,180
4,9,220
4,9,140
4,9,100
4,9,100
4,9,180
4,9,100
4,9,140
4,9,140
4,9,100
4,9,140
4,9,180
4,9,140
4,9,140
4,9,220
4,9,100
4,9,60
4,9,180
4,9,220
4,9,140
4,9,100
4,9,100
4,9,100
4,9,100
4,9,100
4,9,140
4,10,180
4,10,260
4,10,180
4,10,100
4,10,180
4,10,100
4,10,100
4,10,100
4,10,260
4,10,100
4,10,140
4,10,220
4,10,60
4,10,60
4,10,60
4,10,60
4,10,60
4,10,60
4,10,60
4,10,100
4,10,140
4,10,60
4,10,60
4,10,140
4,10,140
4,10,100
4,11,60
4,11,60
4,11,60
4,11,20
4,11,20
4,11,20
4,11,20
4,11,20
4,11,20
4,11,20
4,11,20
4,11,100
4,11,20
4,11,60
4,11,180
4,11,20
4,11,20
4,11,60
4,11,60
4,11,20
4,11,60
4,11,140
4,11,60
4,11,60
4,11,60
4,11,100
4,11,60
4,11,20
4,11,20
4,11,20
4,11,60
4,11,60
4,11,20
4,11,20
4,11,60
4,11,60
4,12,20
4,12,20
4,12,60
4,12,100
4,12,60
4,12,60
4,12,220
4,12,100
4,12,20
4,12,140
4,12,100
4,12,60
4,12,20
4,12,180
4,12,140
4,12,20
4,12,140
4,12,60
4,12,60
4,12,20
4,12,60
4,12,20
4,12,100
4,12,20
4,12,20
4,12,100
4,12,60
4,12,20
4,12,60
4,13,60
4,13,140
4,13,100
4,13,60
4,13,60
4,13,60
4,13,60
4,13,60
4,13,60
4,13,60
4,13,100
4,13,60
4,13,60
4,13,60
4,13,60
4,13,60
4,13,60
4,13,60
4,13,60
4,13,60
4,13,60
4,13,140
4,13,60
4,13,60
4,13,60
4,13,60
4,14,100
4,14,60
4,14,100
4,14,20
4,14,20
4,14,20
4,14,140
4,14,100
4,14,60
4,14,100
4,14,140
4,14,60
4,14,60
4,14,140
4,14,100
4,14,20
4,14,100
4,14,100
4,14,20
4,14,100
4,14,20
4,14,260
4,14,60
4,14,20
4,15,60
4,15,100
4,15,100
4,15,100
4,15,140
4,15,20
4,15,140
4,15,140
4,15,60
4,15,100
4,15,140
4,15,20
4,15,20
4,15,180
4,15,100
4,15,20
4,15,20
4,15,180
4,15,140
4,15,20
4,15,20
4,15,180
4,15,140
4,15,140
4,15,100
4,15,140
4,15,20
4,15,20
4,15,20
4,15,20
4,15,60
4,15,20
4,15,20
4,15,20
4,16,100
4,16,100
4,16,100
4,16,100
4,16,100
4,16,60
4,16,100
4,16,20
4,16,180
4,16,140
4,16,60
4,16,100
4,16,60
4,16,60
4,16,140
4,16,100
4,16,20
4,16,100
4,16,100
4,16,20
4,16,100
4,16,60
4,16,60
4,16,60
4,16,60
4,16,20
4,16,140
4,16,60
4,16,60
4,16,60
4,16,140
4,16,60
4,17,100
4,17,140
4,17,140
4,17,100
4,17,140
4,17,100
4,17,220
4,17,140
4,17,220
4,17,100
4,17,300
4,17,60
4,17,140
4,17,60
4,17,100
4,17,20
4,17,100
4,17,100
4,18,260
4,18,100
4,18,60
4,18,100
4,18,60
4,18,100
4,18,180
4,18,100
4,18,140
4,18,140
4,18,140
4,18,100
4,18,100
4,18,100
4,18,100
4,18,60
4,18,100
4,18,60
4,18,60
4,19,180
4,19,100
4,19,100
4,19,100
4,19,100
4,19,60
4,19,140
4,19,220
4,19,100
4,19,140
4,19,180
4,19,180
4,19,100
4,19,100
4,19,60
4,19,180
4,19,60
4,19,140
4,19,140
4,20,60
4,20,140
4,20,100
4,20,60
4,20,140
4,20,20
4,20,100
4,20,60
4,20,140
4,20,60
4,20,100
4,20,60
4,20,140
4,20,60
4,20,60
4,20,100
4,20,60
4,21,100
4,21,140
4,21,220
4,21,100
4,21,100
4,21,100
4,21,140
4,21,180
4,21,140
4,21,180
4,21,60
4,21,140
4,21,180
4,21,180
4,21,220
4,21,100
4,22,180
4,22,100
4,22,180
4,22,180
4,22,180
4,22,140
4,22,140
4,22,180
4,22,180
4,22,100
4,22,100
4,22,180
4,22,220
4,22,100
4,22,180
4,23,140
4,23,140
4,23,140
4,23,220
4,23,60
4,23,220
4,23,60
4,23,140
4,24,180
4,24,100
4,24,100
4,24,140
4,24,100
4,24,140
4,24,220
4,24,100
4,24,140
4,25,220
4,25,180
4,25,100
4,25,180
4,25,220
4,25,60
4,25,100
4,25,100
4,25,60
4,25,300
4,25,100
4,25,140
4,26,140
4,26,100
4,26,140
4,26,180
4,26,60
4,26,100
4,26,180
4,27,60
4,27,20
4,27,20
4,27,60
4,27,20
4,27,20
4,27,20
4,27,60
4,27,100
4,27,20
4,27,60
4,27,100
4,27,20
4,27,60
5,6,60
5,6,20
5,6,20
5,6,60
5,6,20
5,6,20
5,6,60
5,6,60
5,6,60
5,6,60
5,6,60
5,7,60
5,7,20
5,7,100
5,7,60
5,7,100
5,7,20
5,7,60
5,7,20
5,7,60
5,7,100
5,8,140
5,8,60
5,8,60
5,8,140
5,8,100
5,8,60
5,9,60
5,9,100
5,9,260
5,9,100
5,9,60
5,9,60
5,9,220
5,9,100
5,9,180
5,9,140
5,9,260
5,9,100
5,9,100
5,10,140
5,10,100
5,10,140
5,10,60
5,10,260
5,10,60
5,10,140
5,11,60
5,11,60
5,11,20
5,11,20
5,11,20
5,11,20
5,11,20
5,11,100
5,11,60
5,11,20
5,11,20
5,11,100
5,11,20
5,12,60
5,12,20
5,12,140
5,12,100
5,12,60
5,12,60
5,12,100
5,13,180
5,13,60
5,13,100
5,13,100
5,13,100
5,13,60
5,13,60
5,14,140
5,14,100
5,14,60
5,14,140
5,14,140
5,14,100
5,14,100
5,14,180
5,14,180
5,15,100
5,15,100
5,15,100
5,15,100
5,16,100
5,17,100
5,17,100
5,17,140
5,18,100
5,18,60
5,19,220
5,19,180
5,20,140
5,21,60
5,21,100
5,21,100
5,22,100
5,22,100
5,22,100
5,22,100
5,23,140
5,23,140
5,23,100
5,23,220
5,24,140
5,24,140
5,26,220
5,27,100
5,27,60
5,27,60
6,7,20
6,7,20
6,7,20
6,7,20
6,7,220
6,7,20
6,7,20
6,7,20
6,7,180
6,7,20
6,7,20
6,7,20
6,7,20
6,7,20
6,7,100
6,7,20
6,7,20
6,7,20
6,7,20
6,7,20
6,7,20
6,7,60
6,7,60
6,7,60
6,7,20
6,7,60
6,7,20
6,7,20
6,7,20
6,7,20
6,7,60
6,7,60
6,7,20
6,7,20
6,7,20
6,7,20
6,7,60
6,7,180
6,7,180
6,7,20
6,7,20
6,7,60
6,7,140
6,7,20
6,7,20
6,7,20
6,7,20
6,7,20
6,7,20
6,7,20
6,7,60
6,7,20
6,7,20
6,7,20
6,7,20
6,8,140
6,8,20
6,8,100
6,8,20
6,8,20
6,8,180
6,8,100
6,8,100
6,8,100
6,8,60
6,8,20
6,8,20
6,8,20
6,8,220
6,8,60
6,8,20
6,8,20
6,8,20
6,8,20
6,8,20
6,8,20
6,8,60
6,8,100
6,8,60
6,8,140
6,8,20
6,8,60
6,8,20
6,8,20
6,8,140
6,8,20
6,8,20
6,8,60
6,8,260
6,8,20
6,8,20
6,8,20
6,8,60
6,9,60
6,9,60
6,9,60
6,9,220
6,9,60
6,9,60
6,9,60
6,9,60
6,9,60
6,9,60
6,9,140
6,9,100
6,9,20
6,9,60
6,9,60
6,9,60
6,9,60
6,9,100
6,9,60
6,9,60
6,9,60
6,9,100
6,9,100
6,9,60
6,9,60
6,9,60
6,9,60
6,9,60
6,9,60
6,9,60
6,10,20
6,10,20
6,10,60
6,10,20
6,10,20
6,10,140
6,10,60
6,10,60
6,10,60
6,10,260
6,10,20
6,10,20
6,10,100
6,10,100
6,10,20
6,10,20
6,10,60
6,10,60
6,10,20
6,10,20
6,10,100
6,10,60
6,10,60
6,10,60
6,10,20
6,10,20
6,10,60
6,10,60
6,10,60
6,10,20
6,10,20
6,10,20
6,10,100
6,10,60
6,10,100
6,10,20
6,10,60
6,10,20
6,10,20
6,10,60
6,10,60
6,10,220
6,10,100
6,10,20
6,10,20
6,11,20
6,11,20
6,11,20
6,11,20
6,11,20
6,11,20
6,11,140
6,11,20
6,11,20
6,11,20
6,11,20
6,11,100
6,11,20
6,11,20
6,11,20
6,11,60
6,11,20
6,11,20
6,11,20
6,11,20
6,11,100
6,11,20
6,11,20
6,11,20
6,11,100
6,11,20
6,11,100
6,11,100
6,11,20
6,11,60
6,11,60
6,11,20
6,11,20
6,12,60
6,12,60
6,12,60
6,12,60
6,12,60
6,12,140
6,12,60
6,12,60
6,12,60
6,12,60
6,12,20
6,12,20
6,12,20
6,12,60
6,12,100
6,12,20
6,12,60
6,12,60
6,12,60
6,12,60
6,12,140
6,12,60
6,12,20
6,12,60
6,12,60
6,12,140
6,12,100
6,12,20
6,12,140
6,12,20
6,12,20
6,12,20
6,12,100
6,12,140
6,12,60
6,12,100
6,12,100
6,12,140
6,12,60
6,12,60
6,13,180
6,13,140
6,13,100
6,13,140
6,13,60
6,13,60
6,13,60
6,13,60
6,13,60
6,13,60
6,13,60
6,13,60
6,13,100
6,13,60
6,13,100
6,13,60
6,13,60
6,13,60
6,13,60
6,13,60
6,13,60
6,13,100
6,13,60
6,13,60
6,13,100
6,14,100
6,14,180
6,14,100
6,14,100
6,14,140
6,14,140
6,14,100
6,14,140
6,14,100
6,14,260
6,14,100
6,14,140
6,14,60
6,14,140
6,14,60
6,14,260
6,14,140
6,14,60
6,14,140
6,15,140
6,15,140
6,15,60
6,15,180
6,15,180
6,15,140
6,15,180
6,15,60
6,15,140
6,15,180
6,15,100
6,15,220
6,15,180
6,15,180
6,15,100
6,16,180
6,16,140
6,16,100
6,16,60
6,16,140
6,16,180
6,16,140
6,16,180
6,16,100
6,16,60
6,16,260
6,16,140
6,16,220
6,16,220
6,16,260
6,16,180
6,16,100
6,16,260
6,17,220
6,17,60
6,17,220
6,17,100
6,17,100
6,17,340
6,17,100
6,17,100
6,17,100
6,17,300
6,17,180
6,17,260
6,17,260
6,17,300
6,18,100
6,18,140
6,18,140
6,18,60
6,18,140
6,18,60
6,18,60
6,18,100
6,18,100
6,18,60
6,18,60
6,18,140
6,18,60
6,18,60
6,18,60
6,18,60
6,18,60
6,18,220
6,18,100
6,18,60
6,18,60
6,18,60
6,18,100
6,18,180
6,19,100
6,19,140
6,19,140
6,19,180
6,19,100
6,19,100
6,19,220
6,19,220
6,19,100
6,19,140
6,19,220
6,19,140
6,19,100
6,19,100
6,19,100
6,19,140
6,19,100
6,19,220
6,19,140
6,19,220
6,19,140
6,19,180
6,19,100
6,19,100
6,19,140
6,19,60
6,19,60
6,19,140
6,19,100
6,19,140
6,19,100
6,19,220
6,19,60
6,20,60
6,20,140
6,20,140
6,20,100
6,20,60
6,20,140
6,20,60
6,20,60
6,20,60
6,20,60
6,20,60
6,20,60
6,20,60
6,20,100
6,20,60
6,20,60
6,20,100
6,20,100
6,20,60
6,20,60
6,20,60
6,20,100
6,20,20
6,20,100
6,20,180
6,20,100
6,20,100
6,20,60
6,20,100
6,20,60
6,21,140
6,21,260
6,21,140
6,21,20
6,21,20
6,21,100
6,21,140
6,21,100
6,21,20
6,21,100
6,21,60
6,21,20
6,21,20
6,21,100
6,21,140
6,21,140
6,21,100
6,21,60
6,21,20
6,21,60
6,21,20
6,21,100
6,21,100
6,21,20
6,21,20
6,21,100
6,21,100
6,21,60
6,21,100
6,22,100
6,22,140
6,22,60
6,22,60
6,22,140
6,22,100
6,22,60
6,22,100
6,22,60
6,22,100
6,22,100
6,22,60
6,22,220
6,22,220
6,22,140
6,22,60
6,22,60
6,22,100
6,22,60
6,22,60
6,23,140
6,23,100
6,23,100
6,23,100
6,23,60
6,23,140
6,23,140
6,23,140
6,23,140
6,23,60
6,23,140
6,23,100
6,23,140
6,23,180
6,23,140
6,23,60
6,23,140
6,23,60
6,23,140
6,23,60
6,23,100
6,23,100
6,23,100
6,23,140
6,23,140
6,23,100
6,23,100
6,24,100
6,24,140
6,24,100
6,24,100
6,24,60
6,24,60
6,24,140
6,24,100
6,24,100
6,24,60
6,24,100
6,24,60
6,24,100
6,24,100
6,24,140
6,24,100
6,25,140
6,25,100
6,25,140
6,25,140
6,25,140
6,25,100
6,25,60
6,25,140
6,25,140
6,25,140
6,25,100
6,25,140
6,25,100
6,25,180
6,25,100
6,25,180
6,26,60
6,26,20
6,26,60
6,26,140
6,26,100
6,26,100
6,26,20
6,26,180
6,26,20
6,26,20
6,26,260
6,26,140
6,26,60
6,26,100
6,26,100
6,26,100
6,26,140
6,26,180
6,26,100
6,26,20
6,26,140
6,26,20
6,26,220
6,27,100
6,27,220
6,27,100
6,27,140
6,27,20
6,27,100
6,27,220
6,27,220
6,27,20
6,27,60
6,27,20
6,27,20
6,27,60
6,27,20
6,27,20
6,27,20
6,27,20
6,27,20
6,27,140
6,27,220
6,27,60
6,27,20
7,8,20
7,8,20
7,8,20
7,8,20
7,8,20
7,8,20
7,8,20
7,8,60
7,8,20
7,8,20
7,8,60
7,8,20
7,8,20
7,8,20
7,8,20
7,8,20
7,8,20
7,8,20
7,8,20
7,8,20
7,8,20
7,8,20
7,8,20
7,8,20
7,8,20
7,8,20
7,8,20
7,8,20
7,8,20
7,8,20
7,8,20
7,8,20
7,8,20
7,8,20
7,8,20
7,8,20
7,8,20
7,8,60
7,8,20
7,8,20
7,8,20
7,8,220
7,8,20
7,8,60
7,8,20
7,8,20
7,8,20
7,8,20
7,8,20
7,8,20
7,8,20
7,8,20
7,8,20
7,8,20
7,8,20
7,9,20
7,9,20
7,9,20
7,9,20
7,9,20
7,9,20
7,9,20
7,9,20
7,9,20
7,9,20
7,9,20
7,9,20
7,9,20
7,9,20
7,9,20
7,9,20
7,9,60
7,9,20
7,9,60
7,9,60
7,9,20
7,9,20
7,9,20
7,9,20
7,9,20
7,9,20
7,9,20
7,9,20
7,9,20
7,9,20
7,9,20
7,9,20
7,9,60
7,9,20
7,9,20
7,9,60
7,9,20
7,9,20
7,9,60
7,10,60
7,10,60
7,10,100
7,10,100
7,10,20
7,10,60
7,10,100
7,10,60
7,10,20
7,10,100
7,10,60
7,10,60
7,10,100
7,10,180
7,10,100
7,10,60
7,10,100
7,10,20
7,10,140
7,10,60
7,10,60
7,10,140
7,10,60
7,10,60
7,10,20
7,10,140
7,10,20
7,10,100
7,10,60
7,10,20
7,10,60
7,10,220
7,10,100
7,11,20
7,11,20
7,11,60
7,11,60
7,11,20
7,11,180
7,11,60
7,11,340
7,11,20
7,11,180
7,11,180
7,11,100
7,11,140
7,11,20
7,11,60
7,11,180
7,11,220
7,11,20
7,11,60
7,11,180
7,11,20
7,12,60
7,12,140
7,12,140
7,12,140
7,12,140
7,12,140
7,12,100
7,12,220
7,12,140
7,12,100
7,12,100
7,12,180
7,12,60
7,12,140
7,12,180
7,12,140
7,12,140
7,12,60
7,12,140
7,12,140
7,12,260
7,13,60
7,13,140
7,13,180
7,13,60
7,13,100
7,13,60
7,13,220
7,13,60
7,13,100
7,13,180
7,13,100
7,13,60
7,14,180
7,14,220
7,14,220
7,14,100
7,14,60
7,14,220
7,14,220
7,14,100
7,15,380
7,15,220
7,15,420
7,16,380
7,16,380
7,16,220
7,16,140
7,17,180
7,17,140
7,17,180
7,17,140
7,18,140
7,18,100
7,18,140
7,18,100
7,18,180
7,18,140
7,18,60
7,18,60
7,18,140
7,18,140
7,18,220
7,18,220
7,18,140
7,18,100
7,18,60
7,18,140
7,18,180
7,18,100
7,19,220
7,19,140
7,19,140
7,19,180
7,19,100
7,19,220
7,19,100
7,19,140
7,19,140
7,19,140
7,19,140
7,19,140
7,19,180
7,19,100
7,19,140
7,19,140
7,19,140
7,20,100
7,20,100
7,20,140
7,20,100
7,20,100
7,20,100
7,20,100
7,20,140
7,20,100
7,20,100
7,20,100
7,20,100
7,20,100
7,20,140
7,20,100
7,20,180
7,20,100
7,20,60
7,20,60
7,21,100
7,21,60
7,21,140
7,21,100
7,21,100
7,21,140
7,21,140
7,21,60
7,21,100
7,21,60
7,21,180
7,21,100
7,21,60
7,21,140
7,21,60
7,21,20
7,22,100
7,22,100
7,22,60
7,22,60
7,22,140
7,22,60
7,22,60
7,22,60
7,22,60
7,22,180
7,22,100
7,22,260
7,22,100
7,22,60
7,22,60
7,22,100
7,22,100
7,22,100
7,22,60
7,23,100
7,23,140
7,23,100
7,23,100
7,23,180
7,23,140
7,23,100
7,23,140
7,23,140
7,23,140
7,24,180
7,24,140
7,24,140
7,24,140
7,24,100
7,24,100
7,24,100
7,24,140
7,24,140
7,24,140
7,24,140
7,24,100
7,24,220
7,24,100
7,24,60
7,24,180
7,24,140
7,24,180
7,25,180
7,25,100
7,25,140
7,25,100
7,25,140
7,25,100
7,25,140
7,25,140
7,25,100
7,26,100
7,26,60
7,26,100
7,26,100
7,26,60
7,26,60
7,26,60
7,26,60
7,26,60
7,26,60
7,27,300
7,27,180
7,27,140
7,27,100
8,9,60
8,9,20
8,9,20
8,9,20
8,9,20
8,9,20
8,9,20
8,9,20
8,9,20
8,9,20
8,9,20
8,9,20
8,9,20
8,9,20
8,9,20
8,9,20
8,9,20
8,9,20
8,9,20
8,9,20
8,9,20
8,9,20
8,9,20
8,9,20
8,9,20
8,9,20
8,9,20
8,9,60
8,9,60
8,9,20
8,9,60
8,9,20
8,9,20
8,9,20
8,9,20
8,10,60
8,10,60
8,10,60
8,10,20
8,10,180
8,10,140
8,10,60
8,10,60
8,10,60
8,10,20
8,10,20
8,10,60
8,10,60
8,10,20
8,11,60
8,11,140
8,11,60
8,11,180
8,11,220
8,11,100
8,11,140
8,11,20
8,11,60
8,11,60
8,12,100
8,12,60
8,12,100
8,12,180
8,12,140
8,12,60
8,12,100
8,12,60
8,12,140
8,12,140
8,12,140
8,12,180
8,12,100
8,12,100
8,13,140
8,13,100
8,13,100
8,13,180
8,14,260
8,14,180
8,14,180
8,14,220
8,15,220
8,17,220
8,17,140
8,18,180
8,18,140
8,18,100
8,18,100
8,18,180
8,18,340
8,18,180
8,18,180
8,18,140
8,18,140
8,19,180
8,19,140
8,19,140
8,19,100
8,19,140
8,19,100
8,19,140
8,19,180
8,19,140
8,19,220
8,19,100
8,20,180
8,20,180
8,20,100
8,20,140
8,20,140
8,20,140
8,20,60
8,20,100
8,20,60
8,20,100
8,21,180
8,21,140
8,21,100
8,21,100
8,21,60
8,21,60
8,21,100
8,21,60
8,21,100
8,21,60
8,21,60
8,21,60
8,22,60
8,22,60
8,22,60
8,22,60
8,22,60
8,22,140
8,22,60
8,22,60
8,22,20
8,22,60
8,22,60
8,22,60
8,22,100
8,22,60
8,23,140
8,23,140
8,23,140
8,23,180
8,23,100
8,23,140
8,24,60
8,24,140
8,24,140
8,24,100
8,24,60
8,24,140
8,24,140
8,25,180
8,25,140
8,25,140
8,25,140
8,25,140
8,25,60
8,25,140
8,25,100
8,25,100
8,26,100
8,26,20
8,26,20
8,26,20
8,26,20
8,26,20
8,26,100
8,27,260
9,10,60
9,10,20
9,10,60
9,10,140
9,10,20
9,10,100
9,10,20
9,10,20
9,10,100
9,10,20
9,10,20
9,10,20
9,10,20
9,10,60
9,10,140
9,10,20
9,10,20
9,10,20
9,10,20
9,10,60
9,10,100
9,11,180
9,11,180
9,11,180
9,11,100
9,11,60
9,11,180
9,11,100
9,11,300
9,11,140
9,11,60
9,11,220
9,12,140
9,12,60
9,12,100
9,12,140
9,12,100
9,12,60
9,12,60
9,12,20
9,12,140
9,12,100
9,12,60
9,12,100
9,12,60
9,12,100
9,12,180
9,12,100
9,12,180
9,12,100
9,13,100
9,13,140
9,13,100
9,13,140
9,13,100
9,13,140
9,14,180
9,16,220
9,18,60
9,18,100
9,18,140
9,18,100
9,18,100
9,18,100
9,18,180
9,18,100
9,18,100
9,18,140
9,18,100
9,18,140
9,18,60
9,19,180
9,19,100
9,19,100
9,19,100
9,19,60
9,19,100
9,19,100
9,19,60
9,19,140
9,19,100
9,19,140
9,19,100
9,19,100
9,19,100
9,20,60
9,20,100
9,20,60
9,20,100
9,20,60
9,20,140
9,20,60
9,20,140
9,20,60
9,20,140
9,20,60
9,21,60
9,21,60
9,21,60
9,21,60
9,21,60
9,21,100
9,21,60
9,21,100
9,21,60
9,22,20
9,22,20
9,22,20
9,22,20
9,22,20
9,22,20
9,22,20
9,22,20
9,22,20
9,22,20
9,22,20
9,22,20
9,22,100
9,22,20
9,22,20
9,22,20
9,22,20
9,22,20
9,23,140
9,23,60
9,23,220
9,23,100
9,23,140
9,23,100
9,23,60
9,23,100
9,23,100
9,24,60
9,24,60
9,24,60
9,24,100
9,24,60
9,24,60
9,24,60
9,24,20
9,25,60
9,25,100
9,25,60
9,25,100
9,25,180
9,25,260
9,26,20
9,26,20
9,26,20
9,26,20
9,26,20
9,26,20
9,26,20
9,26,20
9,26,20
9,26,20
9,26,20
9,26,20
9,26,20
9,26,20
9,26,20
9,26,20
9,26,20
9,26,60
9,26,20
9,26,20
9,26,60
9,27,180
10,11,20
10,11,180
10,11,180
10,11,60
10,11,100
10,11,100
10,11,20
10,11,140
10,11,60
10,11,60
10,11,100
10,11,20
10,11,100
10,11,60
10,11,20
10,11,100
10,12,20
10,12,20
10,12,20
10,12,140
10,12,60
10,12,60
10,12,100
10,12,20
10,12,20
10,12,60
10,12,100
10,12,20
10,12,60
10,12,20
10,12,60
10,12,20
10,12,140
10,12,20
10,12,60
10,12,140
10,12,60
10,12,60
10,12,20
10,12,20
10,12,100
10,12,100
10,12,100
10,12,20
10,12,20
10,12,100
10,12,20
10,12,60
10,12,20
10,12,140
10,12,60
10,12,20
10,12,60
10,12,20
10,12,20
10,12,60
10,12,60
10,12,60
10,12,140
10,12,100
10,12,60
10,12,60
10,12,60
10,12,100
10,12,60
10,12,100
10,12,60
10,12,20
10,12,60
10,12,20
10,13,140
10,13,260
10,13,60
10,13,220
10,13,60
10,13,60
10,13,140
10,13,140
10,13,100
10,13,140
10,13,60
10,13,100
10,13,100
10,13,60
10,13,140
10,13,140
10,13,180
10,14,140
10,14,100
10,14,180
10,14,100
10,14,100
10,14,100
10,15,220
10,15,140
10,15,140
10,15,220
10,16,220
10,16,220
10,16,220
10,16,180
10,16,180
10,16,180
10,16,60
10,16,260
10,17,60
10,17,180
10,17,180
10,17,260
10,17,100
10,17,340
10,17,60
10,18,100
10,18,100
10,18,100
10,18,20
10,18,60
10,18,100
10,18,60
10,18,100
10,18,20
10,18,140
10,18,100
10,18,60
10,18,60
10,18,100
10,18,20
10,18,100
10,18,140
10,18,20
10,18,140
10,18,100
10,18,100
10,18,100
10,18,100
10,18,20
10,18,180
10,18,180
10,18,60
10,18,140
10,18,60
10,18,60
10,18,100
10,18,100
10,18,60
10,18,20
10,18,60
10,18,60
10,18,100
10,19,100
10,19,100
10,19,140
10,19,140
10,19,180
10,19,60
10,19,60
10,19,60
10,19,100
10,19,100
10,19,100
10,19,100
10,19,20
10,19,140
10,19,180
10,19,100
10,19,60
10,19,100
10,19,140
10,19,140
10,19,100
10,19,100
10,19,100
10,19,60
10,19,100
10,19,100
10,19,60
10,19,60
10,19,100
10,19,140
10,19,100
10,19,100
10,19,180
10,19,100
10,19,100
10,19,140
10,19,180
10,19,100
10,19,100
10,19,100
10,20,60
10,20,60
10,20,60
10,20,60
10,20,100
10,20,140
10,20,60
10,20,60
10,20,20
10,20,100
10,20,60
10,20,140
10,20,20
10,20,60
10,20,60
10,20,60
10,20,20
10,20,60
10,20,20
10,20,100
10,20,60
10,20,60
10,20,60
10,20,20
10,20,60
10,20,60
10,20,60
10,20,60
10,20,60
10,20,20
10,20,60
10,20,20
10,20,60
10,20,20
10,20,60
10,20,60
10,20,60
10,20,60
10,20,140
10,20,60
10,20,60
10,20,20
10,20,20
10,20,60
10,21,60
10,21,20
10,21,20
10,21,20
10,21,100
10,21,60
10,21,20
10,21,60
10,21,20
10,21,20
10,21,20
10,21,100
10,21,140
10,21,60
10,21,20
10,21,60
10,21,60
10,21,60
10,21,60
10,21,60
10,21,20
10,21,20
10,21,20
10,21,60
10,21,20
10,21,20
10,21,20
10,21,60
10,21,20
10,21,140
10,21,20
10,21,20
10,21,20
10,21,20
10,21,20
10,21,20
10,21,20
10,21,20
10,22,60
10,22,20
10,22,20
10,22,20
10,22,20
10,22,60
10,22,60
10,22,20
10,22,20
10,22,20
10,22,60
10,22,60
10,22,60
10,22,60
10,22,100
10,22,100
10,22,20
10,22,20
10,22,20
10,22,60
10,22,60
10,22,20
10,22,20
10,22,60
10,22,60
10,22,60
10,22,60
10,22,20
10,22,100
10,22,60
10,22,60
10,22,260
10,22,20
10,22,20
10,22,60
10,22,20
10,22,20
10,22,20
10,22,60
10,22,100
10,22,20
10,22,20
10,22,20
10,22,60
10,22,60
10,23,60
10,23,140
10,23,60
10,23,60
10,23,60
10,23,60
10,23,60
10,23,60
10,23,60
10,23,60
10,23,100
10,23,60
10,23,100
10,23,60
10,23,60
10,23,60
10,23,60
10,23,60
10,23,60
10,23,100
10,23,60
10,23,100
10,23,100
10,23,100
10,23,60
10,23,60
10,23,60
10,23,60
10,23,60
10,23,60
10,23,60
10,23,100
10,24,100
10,24,60
10,24,60
10,24,60
10,24,60
10,24,100
10,24,60
10,24,60
10,24,60
10,24,60
10,24,100
10,24,100
10,24,60
10,24,100
10,24,100
10,24,60
10,24,20
10,24,60
10,24,60
10,24,60
10,24,100
10,24,20
10,24,20
10,24,60
10,24,60
10,24,100
10,24,100
10,24,100
10,24,60
10,24,100
10,24,60
10,24,20
10,24,140
10,24,60
10,24,140
10,24,60
10,25,140
10,25,60
10,25,60
10,25,60
10,25,140
10,25,100
10,25,60
10,25,100
10,25,100
10,25,60
10,25,60
10,25,100
10,25,100
10,25,60
10,25,100
10,25,180
10,25,100
10,25,100
10,25,60
10,25,100
10,25,140
10,25,100
10,25,100
10,25,100
10,25,60
10,25,100
10,25,100
10,25,140
10,25,60
10,25,180
10,26,20
10,26,20
10,26,100
10,26,20
10,26,20
10,26,100
10,26,20
10,26,140
10,26,20
10,26,60
10,26,20
10,26,20
10,26,20
10,26,20
10,26,20
10,26,20
10,26,60
10,26,20
10,26,60
10,26,20
10,26,20
10,26,60
10,26,20
10,26,20
10,26,220
10,26,20
10,26,60
10,26,20
10,26,60
10,26,20
10,26,20
10,26,20
10,26,20
10,26,20
10,26,20
10,27,100
10,27,100
10,27,100
10,27,100
10,27,180
10,27,140
10,27,140
10,27,60
10,27,180
10,27,20
11,12,20
11,12,20
11,12,20
11,12,60
11,12,100
11,12,100
11,12,20
11,12,20
11,12,20
11,12,20
11,12,60
11,12,100
11,12,60
11,12,20
11,12,20
11,12,20
11,12,60
11,12,20
11,12,60
11,12,20
11,12,20
11,12,60
11,12,60
11,12,20
11,12,20
11,12,20
11,12,20
11,13,60
11,13,20
11,13,20
11,13,20
11,13,100
11,13,60
11,13,100
11,13,20
11,13,20
11,13,60
11,13,20
11,13,20
11,13,20
11,13,20
11,13,20
11,13,60
11,13,20
11,13,140
11,13,60
11,13,60
11,13,20
11,13,100
11,13,20
11,13,20
11,13,20
11,13,20
11,13,20
11,13,20
11,13,20
11,14,140
11,14,100
11,14,60
11,14,60
11,14,60
11,14,20
11,14,100
11,14,140
11,14,20
11,14,100
11,14,100
11,14,60
11,14,60
11,14,100
11,14,60
11,14,60
11,14,100
11,14,20
11,14,60
11,14,100
11,15,100
11,15,140
11,15,100
11,15,100
11,15,140
11,15,60
11,15,100
11,15,140
11,15,140
11,16,140
11,16,60
11,16,180
11,16,60
11,16,60
11,16,60
11,16,140
11,16,140
11,16,60
11,16,140
11,16,100
11,16,100
11,17,60
11,17,60
11,17,60
11,17,100
11,17,140
11,17,100
11,17,60
11,17,60
11,17,180
11,17,60
11,17,60
11,17,100
11,18,60
11,18,140
11,18,140
11,18,100
11,18,100
11,18,60
11,18,60
11,18,100
11,18,20
11,18,20
11,18,60
11,18,60
11,18,20
11,18,60
11,18,20
11,18,60
11,18,60
11,18,100
11,19,180
11,19,140
11,19,100
11,19,100
11,19,20
11,19,60
11,19,60
11,19,100
11,19,100
11,19,20
11,19,180
11,19,60
11,19,100
11,19,20
11,19,100
11,19,100
11,20,100
11,20,20
11,20,100
11,20,20
11,20,60
11,20,60
11,20,60
11,20,100
11,20,180
11,20,100
11,20,20
11,20,20
11,20,100
11,20,20
11,20,100
11,21,180
11,21,60
11,21,140
11,21,100
11,21,260
11,21,100
11,21,100
11,21,60
11,21,100
11,21,60
11,21,20
11,21,60
11,21,140
11,21,100
11,21,180
11,22,60
11,22,220
11,22,100
11,22,100
11,22,220
11,22,180
11,22,100
11,23,20
11,23,100
11,23,60
11,23,60
11,23,100
11,23,100
11,23,60
11,23,140
11,23,60
11,23,180
11,24,100
11,24,60
11,24,140
11,24,60
11,24,140
11,24,100
11,24,60
11,24,100
11,25,100
11,25,220
11,25,60
11,25,140
11,25,140
11,25,60
11,26,20
11,26,140
11,26,140
11,26,60
11,26,140
11,27,20
11,27,60
11,27,20
11,27,20
11,27,20
11,27,60
11,27,60
11,27,60
11,27,20
11,27,20
11,27,20
11,27,20
11,27,20
11,27,60
11,27,60
12,13,100
12,13,100
12,13,100
12,13,60
12,13,100
12,13,140
12,13,140
12,13,100
12,13,60
12,13,180
12,13,20
12,13,20
12,13,140
12,13,20
12,13,60
12,13,140
12,13,20
12,13,20
12,14,100
12,14,100
12,14,100
12,14,100
12,14,140
12,15,140
12,15,140
12,15,220
12,15,180
12,15,60
12,16,140
12,16,100
12,16,100
12,17,140
12,17,140
12,18,60
12,18,20
12,18,20
12,18,20
12,18,100
12,18,100
12,18,20
12,18,60
12,18,20
12,18,20
12,18,60
12,18,20
12,18,60
12,18,140
12,18,20
12,18,60
12,18,180
12,18,20
12,18,60
12,18,100
12,18,140
12,18,20
12,18,20
12,18,20
12,18,60
12,18,20
12,18,20
12,18,60
12,18,140
12,19,100
12,19,100
12,19,100
12,19,60
12,19,60
12,19,100
12,19,100
12,19,60
12,19,60
12,19,20
12,19,20
12,19,60
12,19,20
12,19,60
12,19,20
12,19,60
12,19,60
12,19,20
12,19,60
12,19,60
12,19,20
12,19,180
12,19,60
12,19,20
12,19,140
12,19,20
12,19,60
12,19,20
12,19,100
12,19,20
12,19,60
12,19,140
12,19,100
12,19,60
12,19,60
12,19,20
12,20,20
12,20,20
12,20,20
12,20,20
12,20,20
12,20,100
12,20,20
12,20,20
12,20,60
12,20,20
12,20,20
12,20,20
12,20,20
12,20,60
12,20,60
12,20,20
12,20,20
12,20,20
12,20,100
12,20,20
12,20,20
12,20,20
12,20,20
12,20,20
12,20,20
12,20,20
12,20,20
12,20,20
12,20,60
12,20,60
12,20,20
12,20,20
12,20,20
12,20,60
12,20,20
12,20,220
12,20,60
12,20,20
12,20,60
12,20,20
12,20,20
12,20,60
12,20,20
12,20,20
12,20,20
12,21,60
12,21,60
12,21,60
12,21,60
12,21,60
12,21,60
12,21,60
12,21,20
12,21,60
12,21,20
12,21,20
12,21,60
12,21,140
12,21,60
12,21,60
12,21,60
12,21,100
12,21,20
12,21,60
12,21,60
12,21,20
12,21,60
12,21,60
12,21,20
12,21,20
12,21,20
12,21,20
12,21,60
12,21,60
12,21,60
12,21,20
12,21,140
12,21,60
12,22,60
12,22,60
12,22,60
12,22,60
12,22,100
12,22,60
12,22,60
12,22,100
12,22,60
12,22,100
12,22,60
12,22,60
12,22,60
12,22,60
12,22,60
12,22,60
12,22,60
12,22,60
12,22,60
12,22,20
12,22,140
12,22,60
12,22,100
12,22,100
12,22,100
12,22,60
12,22,100
12,22,60
12,22,140
12,22,100
12,22,60
12,22,100
12,22,60
12,22,140
12,23,60
12,23,60
12,23,60
12,23,20
12,23,60
12,23,140
12,23,100
12,23,20
12,23,20
12,23,60
12,23,60
12,23,60
12,23,20
12,23,20
12,23,60
12,23,60
12,23,100
12,23,60
12,23,60
12,23,20
12,23,20
12,23,60
12,23,20
12,23,140
12,23,60
12,23,20
12,23,100
12,23,20
12,23,20
12,23,20
12,23,20
12,23,100
12,23,60
12,23,20
12,23,20
12,23,20
12,23,100
12,24,100
12,24,60
12,24,60
12,24,140
12,24,60
12,24,100
12,24,140
12,24,60
12,24,100
12,24,60
12,24,60
12,24,60
12,24,60
12,24,60
12,24,60
12,24,100
12,24,140
12,24,100
12,24,60
12,24,140
12,24,60
12,24,60
12,24,60
12,24,60
12,24,100
12,24,60
12,24,100
12,24,60
12,24,60
12,24,100
12,24,60
12,25,100
12,25,60
12,25,100
12,25,100
12,25,100
12,25,100
12,25,60
12,25,60
12,25,100
12,25,60
12,25,100
12,25,100
12,25,140
12,25,100
12,25,60
12,25,140
12,25,60
12,25,60
12,25,140
12,25,100
12,25,100
12,25,100
12,25,60
12,25,140
12,25,60
12,26,20
12,26,20
12,26,60
12,26,100
12,26,60
12,26,60
12,26,20
12,26,100
12,26,100
12,26,100
12,26,20
12,26,20
12,26,100
12,26,100
12,26,100
12,26,140
12,27,60
12,27,20
12,27,60
12,27,140
13,14,20
13,14,20
13,14,60
13,14,60
13,14,100
13,14,60
13,14,20
13,14,20
13,14,60
13,14,60
13,14,20
13,14,20
13,14,20
13,14,60
13,14,20
13,14,20
13,14,20
13,14,60
13,14,20
13,14,20
13,14,60
13,14,20
13,14,20
13,14,20
13,14,20
13,14,60
13,14,60
13,14,100
13,14,60
13,14,20
13,14,20
13,14,60
13,14,20
13,14,20
13,14,20
13,14,60
13,14,60
13,14,140
13,14,20
13,14,20
13,15,60
13,15,100
13,15,60
13,15,140
13,15,60
13,15,60
13,15,60
13,15,60
13,15,60
13,15,60
13,15,60
13,15,60
13,15,60
13,15,60
13,15,140
13,15,60
13,15,100
13,15,60
13,15,180
13,15,60
13,15,100
13,15,20
13,15,140
13,15,60
13,15,100
13,15,60
13,15,100
13,15,60
13,15,60
13,16,60
13,16,20
13,16,20
13,16,60
13,16,20
13,16,60
13,16,60
13,16,60
13,16,100
13,16,60
13,16,140
13,16,60
13,16,60
13,16,20
13,16,60
13,16,100
13,16,100
13,16,20
13,16,140
13,16,60
13,16,20
13,16,140
13,16,60
13,17,20
13,17,20
13,17,20
13,17,20
13,17,20
13,17,140
13,17,20
13,17,20
13,17,20
13,17,60
13,17,60
13,17,20
13,17,20
13,17,100
13,17,20
13,17,60
13,17,20
13,18,20
13,18,60
13,18,20
13,18,20
13,18,20
13,18,20
13,18,20
13,18,60
13,18,20
13,18,60
13,18,20
13,18,20
13,18,100
13,18,20
13,18,20
13,18,20
13,18,20
13,18,60
13,18,60
13,18,60
13,18,60
13,18,60
13,18,20
13,19,100
13,19,60
13,19,20
13,19,20
13,19,20
13,19,60
13,20,180
13,20,100
13,20,60
13,20,60
13,20,100
13,20,60
13,21,100
13,21,100
13,21,100
13,21,100
13,21,100
13,21,180
13,21,100
13,22,100
13,22,140
13,22,100
13,22,180
13,22,140
13,22,180
13,23,60
13,23,60
13,23,60
13,24,140
13,24,140
13,25,100
13,25,140
13,25,100
13,25,100
13,25,260
13,25,60
13,25,60
13,25,140
13,26,180
13,26,60
13,27,20
13,27,20
13,27,20
13,27,20
13,27,20
13,27,20
13,27,20
13,27,20
13,27,60
13,27,20
13,27,20
13,27,20
13,27,20
13,27,20
13,27,20
13,27,20
13,27,20
13,27,20
13,27,20
13,27,20
13,27,20
13,27,20
13,27,20
13,27,20
13,27,60
13,27,60
13,27,20
13,27,60
13,27,20
13,27,20
13,27,20
13,27,20
13,27,20
13,27,20
13,27,20
13,27,20
13,27,20
13,27,20
13,27,20
13,27,20
13,27,20
13,27,20
13,27,20
13,27,20
14,15,60
14,15,60
14,15,60
14,15,60
14,15,60
14,15,60
14,15,20
14,15,60
14,15,60
14,15,60
14,15,20
14,15,20
14,15,60
14,15,60
14,15,20
14,15,20
14,15,20
14,15,20
14,15,60
14,15,60
14,15,60
14,15,60
14,15,20
14,15,60
14,15,60
14,15,100
14,15,20
14,15,60
14,15,60
14,15,60
14,15,60
14,15,60
14,15,60
14,15,60
14,15,100
14,15,20
14,15,60
14,15,60
14,15,20
14,15,20
14,15,60
14,15,60
14,15,60
14,15,60
14,15,60
14,15,20
14,15,20
14,15,60
14,16,20
14,16,20
14,16,20
14,16,20
14,16,20
14,16,20
14,16,60
14,16,60
14,16,20
14,16,20
14,16,20
14,16,20
14,16,20
14,16,20
14,16,140
14,16,20
14,16,20
14,16,20
14,16,20
14,16,100
14,16,20
14,16,100
14,16,20
14,16,60
14,16,20
14,16,20
14,16,60
14,16,20
14,16,20
14,16,220
14,16,20
14,16,60
14,16,20
14,16,60
14,16,20
14,16,60
14,16,20
14,16,20
14,16,60
14,16,20
14,16,20
14,16,20
14,16,60
14,16,20
14,16,20
14,16,20
14,16,20
14,16,20
14,16,20
14,17,20
14,17,20
14,17,20
14,17,60
14,17,20
14,17,20
14,17,20
14,17,20
14,17,20
14,17,20
14,17,60
14,17,20
14,17,20
14,17,20
14,17,60
14,17,20
14,17,20
14,17,20
14,17,20
14,17,20
14,17,20
14,17,180
14,17,20
14,17,20
14,17,20
14,17,20
14,17,20
14,17,20
14,17,20
14,17,20
14,17,20
14,17,20
14,17,20
14,17,20
14,17,20
14,17,20
14,17,20
14,17,20
14,17,20
14,17,20
14,17,20
14,17,20
14,17,20
14,17,20
14,18,140
14,18,20
14,18,20
14,18,20
14,18,20
14,18,140
14,19,20
14,21,100
14,22,140
14,23,180
14,27,100
14,27,60
14,27,60
14,27,60
14,27,100
14,27,60
14,27,60
14,27,60
14,27,60
14,27,60
14,27,20
14,27,60
14,27,20
14,27,60
14,27,60
14,27,20
14,27,100
14,27,100
14,27,60
14,27,20
14,27,20
14,27,60
14,27,60
14,27,20
15,16,20
15,16,20
15,16,20
15,16,20
15,16,20
15,16,20
15,16,20
15,16,20
15,16,20
15,16,20
15,16,20
15,16,20
15,16,20
15,16,20
15,16,20
15,16,20
15,16,20
15,16,20
15,16,20
15,16,20
15,16,20
15,16,20
15,16,20
15,16,20
15,16,20
15,16,20
15,16,20
15,16,20
15,16,20
15,16,20
15,16,20
15,16,20
15,16,20
15,16,20
15,16,20
15,16,20
15,16,20
15,16,20
15,16,60
15,16,20
15,16,60
15,16,60
15,16,20
15,16,20
15,16,20
15,16,20
15,16,20
15,16,20
15,16,20
15,16,20
15,16,20
15,16,20
15,16,20
15,16,20
15,17,100
15,17,20
15,17,20
15,17,20
15,17,20
15,17,20
15,17,20
15,17,20
15,17,20
15,17,20
15,17,20
15,17,20
15,17,20
15,17,20
15,17,20
15,17,20
15,17,20
15,17,20
15,17,20
15,17,20
15,17,20
15,17,20
15,17,20
15,17,20
15,17,20
15,17,20
15,17,20
15,17,20
15,17,20
15,17,20
15,17,20
15,17,60
15,17,20
15,17,20
15,17,20
15,17,20
15,17,20
15,17,20
15,17,20
15,17,20
15,17,20
15,17,20
15,17,20
15,17,20
15,17,100
15,17,20
15,17,60
15,17,20
15,17,20
15,17,20
15,18,100
15,18,60
15,18,60
15,27,140
15,27,140
15,27,100
15,27,100
15,27,20
15,27,140
15,27,60
15,27,20
15,27,100
15,27,20
15,27,60
15,27,60
15,27,60
15,27,60
15,27,20
15,27,60
15,27,20
16,17,20
16,17,20
16,17,20
16,17,20
16,17,60
16,17,20
16,17,20
16,17,20
16,17,20
16,17,20
16,17,20
16,17,20
16,17,20
16,17,20
16,17,20
16,17,20
16,17,20
16,17,20
16,17,20
16,17,20
16,17,20
16,17,20
16,17,20
16,17,20
16,17,20
16,17,20
16,17,20
16,17,20
16,17,20
16,17,20
16,17,20
16,17,20
16,17,20
16,17,20
16,17,20
16,17,20
16,17,20
16,17,20
16,17,20
16,17,20
16,17,20
16,17,20
16,17,20
16,17,60
16,17,20
16,17,20
16,17,20
16,17,20
16,17,20
16,17,20
16,17,20
16,17,20
16,17,20
16,17,20
16,17,60
16,17,20
16,18,100
16,18,100
16,18,60
16,18,100
16,18,60
16,27,100
16,27,60
16,27,100
16,27,20
16,27,60
16,27,60
16,27,100
16,27,140
16,27,60
16,27,140
16,27,60
16,27,100
16,27,20
16,27,60
16,27,100
16,27,60
16,27,20
17,27,60
17,27,60
17,27,60
17,27,60
17,27,100
17,27,20
17,27,60
17,27,100
17,27,60
17,27,60
17,27,60
17,27,60
17,27,60
17,27,100
18,19,60
18,19,20
18,19,60
18,19,20
18,19,20
18,19,20
18,19,20
18,19,60
18,19,20
18,19,20
18,19,20
18,19,20
18,19,20
18,19,60
18,19,20
18,19,20
18,19,100
18,19,60
18,19,220
18,19,20
18,19,60
18,19,180
18,19,20
18,19,20
18,19,100
18,19,20
18,19,20
18,19,140
18,19,20
18,19,20
18,19,60
18,19,60
18,19,20
18,19,20
18,19,20
18,19,20
18,20,100
18,20,100
18,20,20
18,20,20
18,20,20
18,20,20
18,20,20
18,20,60
18,20,20
18,20,20
18,20,100
18,20,60
18,20,60
18,20,60
18,20,100
18,20,140
18,20,20
18,20,60
18,20,20
18,20,100
18,20,100
18,20,100
18,20,100
18,20,20
18,20,20
18,20,20
18,20,60
18,21,140
18,21,60
18,21,100
18,21,140
18,21,60
18,21,140
18,21,60
18,21,60
18,21,60
18,21,60
18,21,100
18,21,60
18,21,60
18,21,60
18,21,60
18,21,60
18,21,60
18,21,100
18,21,100
18,21,60
18,21,140
18,21,60
18,21,180
18,21,60
18,21,60
18,21,100
18,21,60
18,22,100
18,22,60
18,22,100
18,22,60
18,22,140
18,22,180
18,22,100
18,22,100
18,22,60
18,22,140
18,22,100
18,22,100
18,22,100
18,22,100
18,22,140
18,22,140
18,22,60
18,22,60
18,22,100
18,22,60
18,23,20
18,23,60
18,23,60
18,23,60
18,23,20
18,23,20
18,23,100
18,23,140
18,23,60
18,23,140
18,23,100
18,23,60
18,23,60
18,23,100
18,23,60
18,23,20
18,23,100
18,23,60
18,23,20
18,23,60
18,23,60
18,23,60
18,23,20
18,24,60
18,24,60
18,24,60
18,24,60
18,24,140
18,24,60
18,24,60
18,24,60
18,24,60
18,24,60
18,24,60
18,24,60
18,24,60
18,24,60
18,24,60
18,24,60
18,24,60
18,24,60
18,24,100
18,24,60
18,24,60
18,24,60
18,24,60
18,24,60
18,24,60
18,25,140
18,25,20
18,25,20
18,25,20
18,25,20
18,25,100
18,25,60
18,25,60
18,25,100
18,25,20
18,25,20
18,25,20
18,25,20
18,25,20
18,25,20
18,25,60
18,25,20
18,25,20
18,25,60
18,25,20
18,25,20
18,25,20
18,25,20
18,25,20
18,26,100
18,26,100
18,26,140
18,26,60
18,26,100
18,26,60
18,26,100
18,26,60
18,26,140
18,26,180
18,26,140
18,26,100
18,26,100
18,26,100
18,27,20
18,27,60
18,27,100
18,27,20
18,27,20
18,27,20
18,27,20
18,27,100
18,27,20
18,27,100
19,20,60
19,20,20
19,20,20
19,20,60
19,20,100
19,20,20
19,20,20
19,20,20
19,20,100
19,20,60
19,20,100
19,20,20
19,20,20
19,20,20
19,20,20
19,20,100
19,20,20
19,20,20
19,20,20
19,20,60
19,20,60
19,20,20
19,20,20
19,20,20
19,20,20
19,20,20
19,20,100
19,20,60
19,20,20
19,20,20
19,20,20
19,20,60
19,20,60
19,20,20
19,20,100
19,20,20
19,20,100
19,20,60
19,20,20
19,20,100
19,20,140
19,20,20
19,21,60
19,21,60
19,21,100
19,21,60
19,21,60
19,21,60
19,21,140
19,21,60
19,21,60
19,21,60
19,21,100
19,21,60
19,21,100
19,21,100
19,21,100
19,21,100
19,21,60
19,21,60
19,21,60
19,21,60
19,21,140
19,21,60
19,21,60
19,21,180
19,21,60
19,21,60
19,21,100
19,21,100
19,21,140
19,21,100
19,21,60
19,21,100
19,21,100
19,21,100
19,21,60
19,21,60
19,21,100
19,21,100
19,21,60
19,21,140
19,21,100
19,21,100
19,21,60
19,21,60
19,21,60
19,21,100
19,21,140
19,21,60
19,21,60
19,22,60
19,22,60
19,22,60
19,22,60
19,22,100
19,22,60
19,22,60
19,22,140
19,22,60
19,22,140
19,22,60
19,22,60
19,22,60
19,22,60
19,22,100
19,22,100
19,22,60
19,22,60
19,22,140
19,22,60
19,22,100
19,22,60
19,22,60
19,22,60
19,22,60
19,22,60
19,22,60
19,22,60
19,22,60
19,22,140
19,22,140
19,22,60
19,22,180
19,22,140
19,22,60
19,22,60
19,22,140
19,22,100
19,22,60
19,22,100
19,22,100
19,22,60
19,22,60
19,22,60
19,22,100
19,22,60
19,22,60
19,23,20
19,23,60
19,23,100
19,23,20
19,23,60
19,23,60
19,23,60
19,23,60
19,23,20
19,23,60
19,23,20
19,23,20
19,23,60
19,23,60
19,23,100
19,23,20
19,23,100
19,23,60
19,23,20
19,23,60
19,23,100
19,23,20
19,23,60
19,23,100
19,23,60
19,23,60
19,23,60
19,23,20
19,23,100
19,23,60
19,23,20
19,23,140
19,23,20
19,23,60
19,23,60
19,23,20
19,23,60
19,23,20
19,23,20
19,24,20
19,24,60
19,24,20
19,24,60
19,24,20
19,24,60
19,24,60
19,24,60
19,24,20
19,24,20
19,24,20
19,24,20
19,24,20
19,24,60
19,24,60
19,24,60
19,24,60
19,24,60
19,24,60
19,24,20
19,24,60
19,24,20
19,24,20
19,24,60
19,24,60
19,24,60
19,24,60
19,24,100
19,24,60
19,24,20
19,24,60
19,24,60
19,24,20
19,24,60
19,24,60
19,24,60
19,24,60
19,24,100
19,24,100
19,24,20
19,25,20
19,25,20
19,25,20
19,25,20
19,25,60
19,25,20
19,25,20
19,25,20
19,25,20
19,25,20
19,25,20
19,25,20
19,25,20
19,25,20
19,25,20
19,25,20
19,25,20
19,25,60
19,25,20
19,25,20
19,25,20
19,25,20
19,25,20
19,25,20
19,25,20
19,25,20
19,25,20
19,25,20
19,25,20
19,25,20
19,25,20
19,25,60
19,25,20
19,25,20
19,25,20
19,25,20
19,25,20
19,25,20
19,25,20
19,25,20
19,25,20
19,25,20
19,25,20
19,25,20
19,25,20
19,25,60
19,25,20
19,26,100
19,26,180
19,26,60
19,26,100
19,26,100
19,26,60
19,26,60
19,26,140
19,26,100
19,26,60
19,26,100
19,26,100
19,26,180
19,26,100
19,26,140
19,26,60
19,26,140
19,26,100
19,26,100
19,26,140
19,26,60
19,26,140
19,26,60
20,21,20
20,21,20
20,21,20
20,21,20
20,21,20
20,21,20
20,21,20
20,21,20
20,21,20
20,21,20
20,21,20
20,21,20
20,21,20
20,21,20
20,21,20
20,21,20
20,21,20
20,21,20
20,21,20
20,21,20
20,21,20
20,21,20
20,21,20
20,21,20
20,21,20
20,21,60
20,21,20
20,21,20
20,21,20
20,21,20
20,21,20
20,21,20
20,21,20
20,21,20
20,21,20
20,21,20
20,21,20
20,21,20
20,21,20
20,21,20
20,21,20
20,21,20
20,21,60
20,21,20
20,21,20
20,21,20
20,21,60
20,21,60
20,21,20
20,21,20
20,21,20
20,21,20
20,22,100
20,22,20
20,22,20
20,22,20
20,22,100
20,22,60
20,22,20
20,22,60
20,22,20
20,22,20
20,22,20
20,22,20
20,22,20
20,22,60
20,22,60
20,22,20
20,22,60
20,22,20
20,22,20
20,22,20
20,22,20
20,22,60
20,22,60
20,22,100
20,22,60
20,22,60
20,22,60
20,22,60
20,22,20
20,22,60
20,22,100
20,22,20
20,22,60
20,22,100
20,22,20
20,22,20
20,22,20
20,22,100
20,22,20
20,23,60
20,23,20
20,23,60
20,23,20
20,23,20
20,23,20
20,23,60
20,23,20
20,23,60
20,23,20
20,23,20
20,23,140
20,23,20
20,23,20
20,23,60
20,23,60
20,23,20
20,23,100
20,23,20
20,23,140
20,23,60
20,23,60
20,23,20
20,23,20
20,23,20
20,23,60
20,23,20
20,23,20
20,23,60
20,23,20
20,23,60
20,23,20
20,23,20
20,23,20
20,23,20
20,23,20
20,23,60
20,23,60
20,23,20
20,23,20
20,23,20
20,23,20
20,23,60
20,23,20
20,23,20
20,23,20
20,23,20
20,23,20
20,24,20
20,24,20
20,24,20
20,24,100
20,24,60
20,24,100
20,24,60
20,24,100
20,24,20
20,24,20
20,24,20
20,24,20
20,24,20
20,24,20
20,24,20
20,24,20
20,24,60
20,24,100
20,24,20
20,24,20
20,24,20
20,24,20
20,24,20
20,24,20
20,24,20
20,24,20
20,24,60
20,24,100
20,24,60
20,24,20
20,24,60
20,24,20
20,24,100
20,25,60
20,25,60
20,25,60
20,25,60
20,25,60
20,25,60
20,25,100
20,25,60
20,25,60
20,25,60
20,25,60
20,25,100
20,25,60
20,25,140
20,25,180
20,25,60
20,25,140
20,25,100
20,25,60
20,25,60
20,25,60
20,25,60
20,25,100
20,25,60
20,25,60
20,25,60
20,25,100
20,25,140
20,25,60
20,25,60
20,25,60
20,26,60
20,26,60
20,26,60
20,26,60
20,26,60
20,26,60
20,26,100
20,26,60
20,26,60
20,26,140
20,26,60
20,26,60
20,26,60
20,26,60
20,26,60
20,26,60
20,26,60
20,26,60
20,26,60
20,26,60
20,26,20
20,26,100
20,26,60
20,26,100
20,26,60
20,26,60
20,26,60
20,26,60
20,26,60
20,26,60
20,26,60
20,27,60
20,27,20
21,22,20
21,22,20
21,22,20
21,22,20
21,22,20
21,22,60
21,22,60
21,22,20
21,22,100
21,22,20
21,22,20
21,22,20
21,22,20
21,22,20
21,22,20
21,22,60
21,22,60
21,22,60
21,22,20
21,22,60
21,22,60
21,22,20
21,22,20
21,22,20
21,22,180
21,22,20
21,22,20
21,22,60
21,22,20
21,22,60
21,22,20
21,22,20
21,22,60
21,22,60
21,22,20
21,22,20
21,22,20
21,22,20
21,22,20
21,22,20
21,22,20
21,22,20
21,23,60
21,23,20
21,23,20
21,23,20
21,23,20
21,23,60
21,23,20
21,23,60
21,23,100
21,23,20
21,23,100
21,23,20
21,23,20
21,23,20
21,23,20
21,23,20
21,23,60
21,23,20
21,23,20
21,23,20
21,23,20
21,23,20
21,23,60
21,23,60
21,23,20
21,23,60
21,23,20
21,23,180
21,23,60
21,23,20
21,23,20
21,23,60
21,23,20
21,24,20
21,24,20
21,24,20
21,24,20
21,24,100
21,24,20
21,24,100
21,24,20
21,24,60
21,24,60
21,24,20
21,24,60
21,24,60
21,24,20
21,24,20
21,24,20
21,24,60
21,24,20
21,24,60
21,24,60
21,24,60
21,24,60
21,24,60
21,24,20
21,24,20
21,24,60
21,24,60
21,24,60
21,24,20
21,24,60
21,24,100
21,24,60
21,24,20
21,24,20
21,24,20
21,24,60
21,24,20
21,24,60
21,25,60
21,25,100
21,25,100
21,25,60
21,25,60
21,25,60
21,25,100
21,25,100
21,25,60
21,25,60
21,25,100
21,25,60
21,25,20
21,25,100
21,25,60
21,25,60
21,25,20
21,25,100
21,25,100
21,25,60
21,25,60
21,26,20
21,26,20
21,26,20
21,26,20
21,26,60
21,26,20
21,26,100
21,26,60
21,26,100
21,26,20
21,26,60
21,26,20
21,26,60
21,26,60
21,26,60
21,26,60
21,26,20
21,26,60
21,26,20
21,26,20
21,26,20
21,26,100
21,26,20
21,26,20
21,26,60
21,26,60
21,26,20
21,26,100
21,26,100
21,26,60
21,26,20
21,26,20
21,26,60
21,26,100
21,26,20
22,23,100
22,23,20
22,23,20
22,23,100
22,23,140
22,23,140
22,23,100
22,23,60
22,23,20
22,23,20
22,23,20
22,23,60
22,23,20
22,23,20
22,23,60
22,23,60
22,23,20
22,23,60
22,23,60
22,23,100
22,23,20
22,23,20
22,23,60
22,23,20
22,23,60
22,23,60
22,23,60
22,23,20
22,24,60
22,24,60
22,24,60
22,24,60
22,24,20
22,24,140
22,24,60
22,24,60
22,24,20
22,24,60
22,24,20
22,24,20
22,24,60
22,24,100
22,24,60
22,24,20
22,24,20
22,24,20
22,24,20
22,24,60
22,24,60
22,24,60
22,24,60
22,24,60
22,24,60
22,24,20
22,24,60
22,24,20
22,24,20
22,24,20
22,24,20
22,24,20
22,24,60
22,24,60
22,24,20
22,24,20
22,24,60
22,24,60
22,25,100
22,25,20
22,25,100
22,25,60
22,25,20
22,25,20
22,25,100
22,25,20
22,25,20
22,25,20
22,25,20
22,25,20
22,25,20
22,25,100
22,25,20
22,25,20
22,25,100
22,25,60
22,25,60
22,25,100
22,25,140
22,25,60
22,25,20
22,25,60
22,25,20
22,25,20
22,25,100
22,25,60
22,25,100
22,25,20
22,25,20
22,25,60
22,25,20
22,26,20
22,26,20
22,26,20
22,26,20
22,26,20
22,26,180
22,26,20
22,26,20
22,26,20
22,26,20
22,26,60
22,26,20
22,26,20
22,26,20
22,26,20
22,26,20
22,26,100
22,26,20
22,26,100
22,26,100
22,26,20
22,26,20
22,26,20
22,26,20
22,26,20
22,26,20
22,26,20
22,26,20
22,26,60
22,26,20
22,26,20
22,26,20
22,26,20
22,26,20
22,26,60
22,26,20
22,26,20
22,26,20
22,26,20
23,24,20
23,24,20
23,24,20
23,24,20
23,24,60
23,24,20
23,24,20
23,24,60
23,24,60
23,24,20
23,24,20
23,24,20
23,24,60
23,24,20
23,24,20
23,24,20
23,24,20
23,24,20
23,24,20
23,24,20
23,24,20
23,24,20
23,24,20
23,24,20
23,24,20
23,24,20
23,24,20
23,24,20
23,24,60
23,24,20
23,24,20
23,24,20
23,24,20
23,24,20
23,24,20
23,24,20
23,24,20
23,24,20
23,24,60
23,24,20
23,24,20
23,24,20
23,24,20
23,24,20
23,24,20
23,24,20
23,24,20
23,24,20
23,25,20
23,25,20
23,25,60
23,25,60
23,25,60
23,25,60
23,25,60
23,25,60
23,25,20
23,25,20
23,25,60
23,25,60
23,25,60
23,25,20
23,25,20
23,25,20
23,25,60
23,25,20
23,25,60
23,25,60
23,25,60
23,25,20
23,25,20
23,25,20
23,25,20
23,25,20
23,25,20
23,25,60
23,25,20
23,25,20
23,25,60
23,25,60
23,25,20
23,25,60
23,25,60
23,25,20
23,25,20
23,25,20
23,26,60
23,26,100
23,26,140
23,26,60
23,26,60
23,26,60
23,26,100
23,26,60
23,26,60
23,26,60
23,26,260
23,26,100
23,26,60
23,26,60
23,26,20
23,26,60
23,26,100
23,26,60
23,27,140
24,25,20
24,25,20
24,25,20
24,25,20
24,25,20
24,25,20
24,25,20
24,25,20
24,25,20
24,25,20
24,25,20
24,25,20
24,25,20
24,25,20
24,25,20
24,25,20
24,25,20
24,25,20
24,25,20
24,25,20
24,25,20
24,25,20
24,25,60
24,25,20
24,25,20
24,25,20
24,25,20
24,25,20
24,25,20
24,25,20
24,25,20
24,25,20
24,25,20
24,25,20
24,25,20
24,25,20
24,25,20
24,25,60
24,25,20
24,25,20
24,25,140
24,25,60
24,25,20
24,25,20
24,25,20
24,25,20
24,25,20
24,25,20
24,25,20
24,25,60
24,25,20
24,26,100
24,26,140
24,26,140
24,26,20
24,26,20
24,26,20
24,26,20
24,26,20
24,26,100
24,26,100
24,26,20
24,26,20
24,26,100
24,26,100
24,26,20
24,26,20
24,26,60
24,26,20
24,27,100
25,26,140
25,26,140
25,26,140
25,26,20
25,26,60
25,26,140
25,26,20
25,26,100
25,26,100
25,26,100
25,26,60
25,26,100
25,26,20
25,26,100
25,26,60
25,26,100
25,26,20
25,26,60
25,27,60
25,27,100
25,27,100
