average_provision,average_session_blocking,average_total_generation_keys,average_remaining_keys,average_used_keys,average_expired_keys,average_delay,average_hops,average_proactive_keys,average_proactive_used_keys,average_proactive_gen_keys,average_proactive_expired_keys,average_proactive_used_keys_for_n_hop,average_n_hop_proactive_gen_keys,average_n_hop_proactive_used_keys,average_n_hop_proactive_expired_keys,average_fairness,average_overflow_keys,average_key_pool_usage,provision_mean,provision_ci_min,provision_ci_max,provision_ci_half,delay_mean,delay_ci_min,delay_ci_max,delay_ci_half
452535.6667,-680818,12330735.33,560246161.7,1249831.667,168573,128.6910957,3.717277392,0.936326832,1712367.333,1828814,116086.3333,0,0,0,0,0.647504055,0,0.087792501,452535.6667,447905.1133,457166.2201,4630.553404,128.6910957,127.1087578,130.2734336,1.582337929
428933.6667,-704420,12330735.33,557707577,992913.3333,115248.6667,113.2828166,3.332070416,0.62487982,1142803.667,1828814,43263.33333,642535.6667,298547,279043.3333,19498.66667,0.639208878,0,0.087411326,428933.6667,422726.7405,435140.5928,6206.926152,113.2828166,107.6566511,118.9089822,5.626165564
427921,-705432.6667,12330735.33,556700254.3,865614.3333,107013.3333,101.6597508,3.041493771,0.494556483,904462.6667,1828814,31566.66667,892696,412039.3333,389072.6667,22960,0.64157246,0,0.087258092,427921,424294.0015,431547.9985,3626.998504,101.6597508,97.99211915,105.3273825,3.667631665
428055.6667,-705298,12330735.33,556500681.7,817107,104582,97.14551783,2.928637946,0.446089991,815819,1828814,28483.33333,984431.6667,452962.3333,429343.6667,23612,0.643497311,0,0.087227856,428055.6667,425357.1569,430754.1764,2698.509768,97.14551783,96.18231731,98.10871835,0.963200523
428160.3333,-705193.3333,12330735.33,556456071,804406.6667,103659.6667,95.93187685,2.898296921,0.433429174,792661,1828814,27613,1008462.333,463472,439906,23560,0.642510977,0,0.087221155,428160.3333,425139.8109,431180.8558,3020.522446,95.93187685,95.52903375,96.33471995,0.402843103
428300,-705053.6667,12330735.33,556449239.7,803414.6667,103758,95.80823085,2.895205771,0.432703627,791333.6667,1828814,27621.66667,1009785.667,464038,440381,23649.66667,0.6422533,0,0.087220092,428300,425696.4527,430903.5473,2603.547328,95.80823085,95.21575659,96.40070511,0.592474262
428406.3333,-704947.3333,12330735.33,556448216.7,802811,103820.6667,95.7378012,2.89344503,0.432252743,790509,1828814,27681.66667,1010551.667,464369.6667,440708.3333,23652.33333,0.644298141,0,0.087219926,428406.3333,425910.358,430902.3087,2495.975335,95.7378012,95.18088526,96.29471714,0.556915941
428373,-704980.6667,12330735.33,556450075,802874.3333,103809,95.75151419,2.893787855,0.432236516,790479.3333,1828814,27721,1010543.667,464375,440768,23601.33333,0.643985562,0,0.087220213,428373,425415.5897,431330.4103,2957.410297,95.75151419,95.08062879,96.42239959,0.670885397
428332.3333,-705021.3333,12330735.33,556450926,802965,103751.6667,95.77360554,2.894340139,0.432223217,790455,1828814,27710,1010579.667,464403.3333,440842.3333,23555,0.644448029,0,0.087220352,428332.3333,425544.1561,431120.5106,2788.177246,95.77360554,95.19757151,96.34963957,0.576034028
